From,Entry,Gene Names,Sequence
WNT9A,O14904,WNT9A WNT14,MLDGSPLARWLAAAFGLTLLLAALRPSAAYFGLTGSEPLTILPLTLEPEAAAQAHYKACDRLKLERKQRRMCRRDPGVAETLVEAVSMSALECQFQFRFERWNCTLEGRYRASLLKRGFKETAFLYAISSAGLTHALAKACSAGRMERCTCDEAPDLENREAWQWGGCGDNLKYSSKFVKEFLGRRSSKDLRARVDFHNNLVGVKVIKAGVETTCKCHGVSGSCTVRTCWRQLAPFHEVGKHLKHKYETALKVGSTTNEAAGEAGAISPPRGRASGAGGSDPLPRTPELVHLDDSPSFCLAGRFSPGTAGRRCHREKNCESICCGRGHNTQSRVVTRPCQCQVRWCCYVECRQCTQREEVYTCKG
GAK,O14976,GAK,MSLLQSALDFLAGPGSLGGASGRDQSDFVGQTVELGELRLRVRRVLAEGGFAFVYEAQDVGSGREYALKRLLSNEEEKNRAIIQEVCFMKKLSGHPNIVQFCSAASIGKEESDTGQAEFLLLTELCKGQLVEFLKKMESRGPLSCDTVLKIFYQTCRAVQHMHRQKPPIIHRDLKVENLLLSNQGTIKLCDFGSATTISHYPDYSWSAQRRALVEEEITRNTTPMYRTPEIIDLYSNFPIGEKQDIWALGCILYLLCFRQHPFEDGAKLRIVNGKYSIPPHDTQYTVFHSLIRAMLQVNPEERLSIAEVVHQLQEIAAARNVNPKSPITELLEQNGGYGSATLSRGPPPPVGPAGSGYSGGLALAEYDQPYGGFLDILRGGTERLFTNLKDTSSKVIQSVANYAKGDLDISYITSRIAVMSFPAEGVESALKNNIEDVRLFLDSKHPGHYAVYNLSPRTYRPSRFHNRVSECGWAARRAPHLHTLYNICRNMHAWLRQDHKNVCVVHCMDGRAASAVAVCSFLCFCRLFSTAEAAVYMFSMKRCPPGIWPSHKRYIEYMCDMVAEEPITPHSKPILVRAVVMTPVPLFSKQRSGCRPFCEVYVGDERVASTSQEYDKMRDFKIEDGKAVIPLGVTVQGDVLIVIYHARSTLGGRLQAKMASMKMFQIQFHTGFVPRNATTVKFAKYDLDACDIQEKYPDLFQVNLEVEVEPRDRPSREAPPWENSSMRGLNPKILFSSREEQQDILSKFGKPELPRQPGSTAQYDAGAGSPEAEPTDSDSPPSSSADASRFLHTLDWQEEKEAETGAENASSKESESALMEDRDESEVSDEGGSPISSEGQEPRADPEPPGLAAGLVQQDLVFEVETPAVLPEPVPQEDGVDLLGLHSEVGAGPAVPPQACKAPSSNTDLLSCLLGPPEAASQGPPEDLLSEDPLLLASPAPPLSVQSTPRGGPPAAADPFGPLLPSSGNNSQPCSNPDLFGEFLNSDSVTVPPSFPSAHSAPPPSCSADFLHLGDLPGEPSKMTASSSNPDLLGGWAAWTETAASAVAPTPATEGPLFSPGGQPAPCGSQASWTKSQNPDPFADLGDLSSGLQGSPAGFPPGGFIPKTATTPKGSSSWQTSRPPAQGASWPPQAKPPPKACTQPRPNYASNFSVIGAREERGVRAPSFAQKPKVSENDFEDLLSNQGFSSRSDKKGPKTIAEMRKQDLAKDTDPLKLKLLDWIEGKERNIRALLSTLHTVLWDGESRWTPVGMADLVAPEQVKKHYRRAVLAVHPDKAAGQPYEQHAKMIFMELNDAWSEFENQGSRPLF
AXIN1,O15169,AXIN1 AXIN,MNIQEQGFPLDLGASFTEDAPRPPVPGEEGELVSTDPRPASYSFCSGKGVGIKGETSTATPRRSDLDLGYEPEGSASPTPPYLKWAESLHSLLDDQDGISLFRTFLKQEGCADLLDFWFACTGFRKLEPCDSNEEKRLKLARAIYRKYILDNNGIVSRQTKPATKSFIKGCIMKQLIDPAMFDQAQTEIQATMEENTYPSFLKSDIYLEYTRTGSESPKVCSDQSSGSGTGKGISGYLPTLNEDEEWKCDQDMDEDDGRDAAPPGRLPQKLLLETAAPRVSSSRRYSEGREFRYGSWREPVNPYYVNAGYALAPATSANDSEQQSLSSDADTLSLTDSSVDGIPPYRIRKQHRREMQESVQVNGRVPLPHIPRTYRVPKEVRVEPQKFAEELIHRLEAVQRTREAEEKLEERLKRVRMEEEGEDGDPSSGPPGPCHKLPPAPAWHHFPPRCVDMGCAGLRDAHEENPESILDEHVQRVLRTPGRQSPGPGHRSPDSGHVAKMPVALGGAASGHGKHVPKSGAKLDAAGLHHHRHVHHHVHHSTARPKEQVEAEATRRAQSSFAWGLEPHSHGARSRGYSESVGAAPNASDGLAHSGKVGVACKRNAKKAESGKSASTEVPGASEDAEKNQKIMQWIIEGEKEISRHRRTGHGSSGTRKPQPHENSRPLSLEHPWAGPQLRTSVQPSHLFIQDPTMPPHPAPNPLTQLEEARRRLEEEEKRASRAPSKQRYVQEVMRRGRACVRPACAPVLHVVPAVSDMELSETETRSQRKVGGGSAQPCDSIVVAYYFCGEPIPYRTLVRGRAVTLGQFKELLTKKGSYRYYFKKVSDEFDCGVVFEEVREDEAVLPVFEEKIIGKVEKVD
PARK2,O60260,PRKN PARK2,MIVFVRFNSSHGFPVEVDSDTSIFQLKEVVAKRQGVPADQLRVIFAGKELRNDWTVQNCDLDQQSIVHIVQRPWRKGQEMNATGGDDPRNAAGGCEREPQSLTRVDLSSSVLPGDSVGLAVILHTDSRKDSPPAGSPAGRSIYNSFYVYCKGPCQRVQPGKLRVQCSTCRQATLTLTQGPSCWDDVLIPNRMSGECQSPHCPGTSAEFFFKCGAHPTSDKETSVALHLIATNSRNITCITCTDVRSPVLVFQCNSRHVICLDCFHLYCVTRLNDRQFVHDPQLGYSLPCVAGCPNSLIKELHHFRILGEEQYNRYQQYGAEECVLQMGGVLCPRPGCGAGLLPEPDQRKVTCEGGNGLGCGFAFCRECKEAYHEGECSAVFEASGTTTQAYRVDERAAEQARWEAASKETIKKTTKPCPRCHVPVEKNGGCMHMKCPQPQCRLEWCWNCGCEWNRVCMGDHWFDV
LRP6,O75581,LRP6,MGAVLRSLLACSFCVLLRAAPLLLYANRRDLRLVDATNGKENATIVVGGLEDAAAVDFVFSHGLIYWSDVSEEAIKRTEFNKTESVQNVVVSGLLSPDGLACDWLGEKLYWTDSETNRIEVSNLDGSLRKVLFWQELDQPRAIALDPSSGFMYWTDWGEVPKIERAGMDGSSRFIIINSEIYWPNGLTLDYEEQKLYWADAKLNFIHKSNLDGTNRQAVVKGSLPHPFALTLFEDILYWTDWSTHSILACNKYTGEGLREIHSDIFSPMDIHAFSQQRQPNATNPCGIDNGGCSHLCLMSPVKPFYQCACPTGVKLLENGKTCKDGATELLLLARRTDLRRISLDTPDFTDIVLQLEDIRHAIAIDYDPVEGYIYWTDDEVRAIRRSFIDGSGSQFVVTAQIAHPDGIAVDWVARNLYWTDTGTDRIEVTRLNGTMRKILISEDLEEPRAIVLDPMVGYMYWTDWGEIPKIERAALDGSDRVVLVNTSLGWPNGLALDYDEGKIYWGDAKTDKIEVMNTDGTGRRVLVEDKIPHIFGFTLLGDYVYWTDWQRRSIERVHKRSAEREVIIDQLPDLMGLKATNVHRVIGSNPCAEENGGCSHLCLYRPQGLRCACPIGFELISDMKTCIVPEAFLLFSRRADIRRISLETNNNNVAIPLTGVKEASALDFDVTDNRIYWTDISLKTISRAFMNGSALEHVVEFGLDYPEGMAVDWLGKNLYWADTGTNRIEVSKLDGQHRQVLVWKDLDSPRALALDPAEGFMYWTEWGGKPKIDRAAMDGSERTTLVPNVGRANGLTIDYAKRRLYWTDLDTNLIESSNMLGLNREVIADDLPHPFGLTQYQDYIYWTDWSRRSIERANKTSGQNRTIIQGHLDYVMDILVFHSSRQSGWNECASSNGHCSHLCLAVPVGGFVCGCPAHYSLNADNRTCSAPTTFLLFSQKSAINRMVIDEQQSPDIILPIHSLRNVRAIDYDPLDKQLYWIDSRQNMIRKAQEDGSQGFTVVVSSVPSQNLEIQPYDLSIDIYSRYIYWTCEATNVINVTRLDGRSVGVVLKGEQDRPRAVVVNPEKGYMYFTNLQERSPKIERAALDGTEREVLFFSGLSKPIALALDSRLGKLFWADSDLRRIESSDLSGANRIVLEDSNILQPVGLTVFENWLYWIDKQQQMIEKIDMTGREGRTKVQARIAQLSDIHAVKELNLQEYRQHPCAQDNGGCSHICLVKGDGTTRCSCPMHLVLLQDELSCGEPPTCSPQQFTCFTGEIDCIPVAWRCDGFTECEDHSDELNCPVCSESQFQCASGQCIDGALRCNGDANCQDKSDEKNCEVLCLIDQFRCANGQCIGKHKKCDHNVDCSDKSDELDCYPTEEPAPQATNTVGSVIGVIVTIFVSGTVYFICQRMLCPRMKGDGETMTNDYVVHGPASVPLGYVPHPSSLSGSLPGMSRGKSMISSLSIMGGSSGPPYDRAHVTGASSSSSSSTKGTYFPAILNPPPSPATERSHYTMEFGYSSNSPSTHRSYSYRPYSYRHFAPPTTPCSTDVCDSDYAPSRRMTSVATAKGYTSDLNYDSEPVPPPPTPRSQYLSAEENYESCPPSPYTERSYSHHLYPPPPSPCTDSS
LY6H,O94772,LY6H,MLPAAMKGLGLALLAVLLCSAPAHGLWCQDCTLTTNSSHCTPKQCQPSDTVCASVRITDPSSSRKDHSVNKMCASSCDFVKRHFFSDYLMGFINSGILKVDVDCCEKDLCNGAAGAGHSPWALAGGLLLSLGPALLWAGP
DKK1,O94907,DKK1 UNQ492/PRO1008,MMALGAAGATRVFVAMVAAALGGHPLLGVSATLNSVLNSNAIKNLPPPLGGAAGHPGSAVSAAPGILYPGGNKYQTIDNYQPYPCAEDEECGTDEYCASPTRGGDAGVQICLACRKRRKRCMRHAMCCPGNYCKNGICVSSDQNHFRGEIEETITESFGNDHSTLDGYSRRTTLSSKMYHTKGQEGSVCLRSSDCASGLCCARHFWSKICKPVLKEGQVCTKHRRKGSHGLEIFQRCYCGEGLSCRIQKDHHQASNSSRLHTCQRH
NFAT5,O94916,NFAT5 KIAA0827 TONEBP,MPSDFISLLSADLDLESPKSLYSRESVYDLLPKELQLPPSRETSVASMSQTSGGEAGSPPPAVVAADASSAPSSSSMGGACSSFTTSSSPTIYSTSVTDSKAMQVESCSSAVGVSNRGVSEKQLTSNTVQQHPSTPKRHTVLYISPPPEDLLDNSRMSCQDEGCGLESEQSCSMWMEDSPSNFSNMSTSSYNDNTEVPRKSRKRNPKQRPGVKRRDCEESNMDIFDADSAKAPHYVLSQLTTDNKGNSKAGNGTLENQKGTGVKKSPMLCGQYPVKSEGKELKIVVQPETQHRARYLTEGSRGSVKDRTQQGFPTVKLEGHNEPVVLQVFVGNDSGRVKPHGFYQACRVTGRNTTPCKEVDIEGTTVIEVGLDPSNNMTLAVDCVGILKLRNADVEARIGIAGSKKKSTRARLVFRVNIMRKDGSTLTLQTPSSPILCTQPAGVPEILKKSLHSCSVKGEEEVFLIGKNFLKGTKVIFQENVSDENSWKSEAEIDMELFHQNHLIVKVPPYHDQHITLPVSVGIYVVTNAGRSHDVQPFTYTPDPAAAGALNVNVKKEISSPARPCSFEEAMKAMKTTGCNLDKVNIIPNALMTPLIPSSMIKSEDVTPMEVTAEKRSSTIFKTTKSVGSTQQTLENISNIAGNGSFSSPSSSHLPSENEKQQQIQPKAYNPETLTTIQTQDISQPGTFPAVSASSQLPNSDALLQQATQFQTRETQSREILQSDGTVVNLSQLTEASQQQQQSPLQEQAQTLQQQISSNIFPSPNSVSQLQNTIQQLQAGSFTGSTASGSSGSVDLVQQVLEAQQQLSSVLFSAPDGNENVQEQLSADIFQQVSQIQSGVSPGMFSSTEPTVHTRPDNLLPGRAESVHPQSENTLSNQQQQQQQQQQVMESSAAMVMEMQQSICQAAAQIQSELFPSTASANGNLQQSPVYQQTSHMMSALSTNEDMQMQCELFSSPPAVSGNETSTTTTQQVATPGTTMFQTSSSGDGEETGTQAKQIQNSVFQTMVQMQHSGDNQPQVNLFSSTKSMMSVQNSGTQQQGNGLFQQGNEMMSLQSGNFLQQSSHSQAQLFHPQNPIADAQNLSQETQGSLFHSPNPIVHSQTSTTSSEQMQPPMFHSQSTIAVLQGSSVPQDQQSTNIFLSQSPMNNLQTNTVAQEAFFAAPNSISPLQSTSNSEQQAAFQQQAPISHIQTPMLSQEQAQPPQQGLFQPQVALGSLPPNPMPQSQQGTMFQSQHSIVAMQSNSPSQEQQQQQQQQQQQQQQQQQSILFSNQNTMATMASPKQPPPNMIFNPNQNPMANQEQQNQSIFHQQSNMAPMNQEQQPMQFQSQSTVSSLQNPGPTQSESSQTPLFHSSPQIQLVQGSPSSQEQQVTLFLSPASMSALQTSINQQDMQQSPLYSPQNNMPGIQGATSSPQPQATLFHNTAGGTMNQLQNSPGSSQQTSGMFLFGIQNNCSQLLTSGPATLPDQLMAISQPGQPQNEGQPPVTTLLSQQMPENSPLASSINTNQNIEKIDLLVSLQNQGNNLTGSF
ARIH2,O95376,ARIH2 ARI2 TRIAD1 HT005,MSVDMNSQGSDSNEEDYDPNCEEEEEEEEDDPGDIEDYYVGVASDVEQQGADAFDPEEYQFTCLTYKESEGALNEHMTSLASVLKVSHSVAKLILVNFHWQVSEILDRYKSNSAQLLVEARVQPNPSKHVPTSHPPHHCAVCMQFVRKENLLSLACQHQFCRSCWEQHCSVLVKDGVGVGVSCMAQDCPLRTPEDFVFPLLPNEELREKYRRYLFRDYVESHYQLQLCPGADCPMVIRVQEPRARRVQCNRCNEVFCFKCRQMYHAPTDCATIRKWLTKCADDSETANYISAHTKDCPKCNICIEKNGGCNHMQCSKCKHDFCWMCLGDWKTHGSEYYECSRYKENPDIVNQSQQAQAREALKKYLFYFERWENHNKSLQLEAQTYQRIHEKIQERVMNNLGTWIDWQYLQNAAKLLAKCRYTLQYTYPYAYYMESGPRKKLFEYQQAQLEAEIENLSWKVERADSYDRGDLENQMHIAEQRRRTLLKDFHDT
CER1,O95813,CER1 DAND4,MHLLLFQLLVLLPLGKTTRHQDGRQNQSSLSPVLLPRNQRELPTGNHEEAEEKPDLFVAVPHLVATSPAGEGQRQREKMLSRFGRFWKKPEREMHPSRDSDSEPFPPGTQSLIQPIDGMKMEKSPLREEAKKFWHHFMFRKTPASQGVILPIKSHEVHWETCRTVPFSQTITHEGCEKVVVQNNLCFGKCGSVHFPGAAQHSHTSCSHCLPAKFTTMHLPLNCTELSSVIKVVMLVEECQCKVKTEHEDGHILHAGSQDSFIPGVSA
VIM,P08670,VIM,MSTRSVSSSSYRRMFGGPGTASRPSSSRSYVTTSTRTYSLGSALRPSTSRSLYASSPGGVYATRSSAVRLRSSVPGVRLLQDSVDFSLADAINTEFKNTRTNEKVELQELNDRFANYIDKVRFLEQQNKILLAELEQLKGQGKSRLGDLYEEEMRELRRQVDQLTNDKARVEVERDNLAEDIMRLREKLQEEMLQREEAENTLQSFRQDVDNASLARLDLERKVESLQEEIAFLKKLHEEEIQELQAQIQEQHVQIDVDVSKPDLTAALRDVRQQYESVAAKNLQEAEEWYKSKFADLSEAANRNNDALRQAKQESTEYRRQVQSLTCEVDALKGTNESLERQMREMEENFAVEAANYQDTIGRLQDEIQNMKEEMARHLREYQDLLNVKMALDIEIATYRKLLEGEESRISLPLPNFSSLNLRETNLDSLPLVDTHSKRTLLIKTVETRDGQVINETSQHHDDLE
ACP5,P13686,ACP5,MDMWTALLILQALLLPSLADGATPALRFVAVGDWGGVPNAPFHTAREMANAKEIARTVQILGADFILSLGDNFYFTGVQDINDKRFQETFEDVFSDRSLRKVPWYVLAGNHDHLGNVSAQIAYSKISKRWNFPSPFYRLHFKIPQTNVSVAIFMLDTVTLCGNSDDFLSQQPERPRDVKLARTQLSWLKKQLAAAREDYVLVAGHYPVWSIAEHGPTHCLVKQLRPLLATYGVTAYLCGHDHNLQYLQDENGVGYVLSGAGNFMDPSKRHQRKVPNGYLRFHYGTEDSLGGFAYVEISSKEMTVTYIEASGKSLFKTRLPRRARP
PTN,P21246,PTN HBNF1 NEGF1,MQAQQYQQQRRKFAAAFLAFIFILAAVDTAEAGKKEKPEKKVKKSDCGEWQWSVCVPTSGDCGLGTREGTRTGAECKQTMKTQRCKIPCNWKKQFGAECKYQFQAWGECDLNTALKTRTGSLKRALHNAECQKTVTISKPCGKLTKPKPQAESKKKKKEGKKQEKMLD
BCL1,P24385,CCND1 BCL1 PRAD1,MEHQLLCCEVETIRRAYPDANLLNDRVLRAMLKAEETCAPSVSYFKCVQKEVLPSMRKIVATWMLEVCEEQKCEEEVFPLAMNYLDRFLSLEPVKKSRLQLLGATCMFVASKMKETIPLTAEKLCIYTDNSIRPEELLQMELLLVNKLKWNLAAMTPHDFIEHFLSKMPEAEENKQIIRKHAQTFVALCATDVKFISNPPSMVAAGSVVAAVQGLNLRSPNNFLSYYRLTRFLSRVIKCDPDCLRACQEQIEALLESSLRQAQQNMDPKAAEEEEEEEEEVDLACTPTDVRDVDI
CTNNB,P35222,CTNNB1 CTNNB OK/SW-cl.35 PRO2286,MATQADLMELDMAMEPDRKAAVSHWQQQSYLDSGIHSGATTTAPSLSGKGNPEEEDVDTSQVLYEWEQGFSQSFTQEQVADIDGQYAMTRAQRVRAAMFPETLDEGMQIPSTQFDAAHPTNVQRLAEPSQMLKHAVVNLINYQDDAELATRAIPELTKLLNDEDQVVVNKAAVMVHQLSKKEASRHAIMRSPQMVSAIVRTMQNTNDVETARCTAGTLHNLSHHREGLLAIFKSGGIPALVKMLGSPVDSVLFYAITTLHNLLLHQEGAKMAVRLAGGLQKMVALLNKTNVKFLAITTDCLQILAYGNQESKLIILASGGPQALVNIMRTYTYEKLLWTTSRVLKVLSVCSSNKPAIVEAGGMQALGLHLTDPSQRLVQNCLWTLRNLSDAATKQEGMEGLLGTLVQLLGSDDINVVTCAAGILSNLTCNNYKNKMMVCQVGGIEALVRTVLRAGDREDITEPAICALRHLTSRHQEAEMAQNAVRLHYGLPVVVKLLHPPSHWPLIKATVGLIRNLALCPANHAPLREQGAIPRLVQLLVRAHQDTQRRTSMGGTQQQFVEGVRMEEIVEGCTGALHILARDVHNRIVIRGLNTIPLFVQLLYSPIENIQRVAAGVLCELAQDKEAAEAIEAEGATAPLTELLHSRNEGVATYAAAVLFRMSEDKPQDYKKRLSVELTSSLFRTEPMAWNETADLGLDIGAQGEPLGYRQDDPSYRSFHSGGYGQDALGMDPMMEHEMGGHHPGADYPVDGLPDLGHAQDLMDGLPPGDSNQLAWFDTDL
TCF7,P36402,TCF7 TCF1,MPQLDSGGGGAGGGDDLGAPDELLAFQDEGEEQDDKSRDSAAGPERDLAELKSSLVNESEGAAGGAGIPGVPGAGAGARGEAEALGREHAAQRLFPDKLPEPLEDGLKAPECTSGMYKETVYSAFNLLMHYPPPSGAGQHPQPQPPLHKANQPPHGVPQLSLYEHFNSPHPTPAPADISQKQVHRPLQTPDLSGFYSLTSGSMGQLPHTVSWFTHPSLMLGSGVPGHPAAIPHPAIVPPSGKQELQPFDRNLKTQAESKAEKEAKKPTIKKPLNAFMLYMKEMRAKVIAECTLKESAAINQILGRRWHALSREEQAKYYELARKERQLHMQLYPGWSARDNYGKKKRRSREKHQESTTETNWPRELKDGNGQESLSMSSSSSPA
ATP5C1,P36542,ATP5F1C ATP5C ATP5C1 ATP5CL1,MFSRAGVAGLSAWTLQPQWIQVRNMATLKDITRRLKSIKNIQKITKSMKMVAAAKYARAERELKPARIYGLGSLALYEKADIKGPEDKKKHLLIGVSSDRGLCGAIHSSIAKQMKSEVATLTAAGKEVMLVGIGDKIRGILYRTHSDQFLVAFKEVGRKPPTFGDASVIALELLNSGYEFDEGSIIFNKFRSVISYKTEEKPIFSLNTVASADSMSIYDDIDADVLQNYQEYNLANIIYYSLKESTTSEQSARMTAMDNASKNASEMIDKLTLTFNRTRQAVITKELIEIISGAAALD
ANP32A,P39687,ANP32A C15orf1 LANP MAPM PHAP1,MEMGRRIHLELRNRTPSDVKELVLDNSRSNEGKLEGLTDEFEELEFLSTINVGLTSIANLPKLNKLKKLELSDNRVSGGLEVLAEKCPNLTHLNLSGNKIKDLSTIEPLKKLENLKSLDLFNCEVTNLNDYRENVFKLLPQLTYLDGYDRDDKEAPDSDAEGYVEGLDDEEEDEDEEEYDEDAQVVEDEEDEDEEEEGEEEDVSGEEEEDEEGYNDGEVDDEEDEEELGEEERGQKRKREPEDEGEDDD
MAPK8,P45983,MAPK8 JNK1 PRKM8 SAPK1 SAPK1C,MSRSKRDNNFYSVEIGDSTFTVLKRYQNLKPIGSGAQGIVCAAYDAILERNVAIKKLSRPFQNQTHAKRAYRELVLMKCVNHKNIIGLLNVFTPQKSLEEFQDVYIVMELMDANLCQVIQMELDHERMSYLLYQMLCGIKHLHSAGIIHRDLKPSNIVVKSDCTLKILDFGLARTAGTSFMMTPYVVTRYYRAPEVILGMGYKENVDLWSVGCIMGEMVCHKILFPGRDYIDQWNKVIEQLGTPCPEFMKKLQPTVRTYVENRPKYAGYSFEKLFPDVLFPADSEHNKLKASQARDLLSKMLVIDASKRISVDEALQHPYINVWYDPSEAEAPPPKIPDKQLDEREHTIEEWKELIYKEVMDLEERTKNGVIRGQPSPLGAAVINGSQHPSSSSSVNDVSSMSTDPTLASDTDSSLEAAAGPLGCCR
CSNK1A1,P48729,CSNK1A1,MASSSGSKAEFIVGGKYKLVRKIGSGSFGDIYLAINITNGEEVAVKLESQKARHPQLLYESKLYKILQGGVGIPHIRWYGQEKDYNVLVMDLLGPSLEDLFNFCSRRFTMKTVLMLADQMISRIEYVHTKNFIHRDIKPDNFLMGIGRHCNKLFLIDFGLAKKYRDNRTRQHIPYREDKNLTGTARYASINAHLGIEQSRRDDMESLGYVLMYFNRTSLPWQGLKAATKKQKYEKISEKKMSTPVEVLCKGFPAEFAMYLNYCRGLRFEEAPDYMYLRQLFRILFRTLNHQYDYTFDWTMLKQKAAQQAASSSGQGQQAQTPTGKQTDKTKSNMKGF
CSNK1E,P49674,CSNK1E,MELRVGNKYRLGRKIGSGSFGDIYLGANIASGEEVAIKLECVKTKHPQLHIESKFYKMMQGGVGIPSIKWCGAEGDYNVMVMELLGPSLEDLFNFCSRKFSLKTVLLLADQMISRIEYIHSKNFIHRDVKPDNFLMGLGKKGNLVYIIDFGLAKKYRDARTHQHIPYRENKNLTGTARYASINTHLGIEQSRRDDLESLGYVLMYFNLGSLPWQGLKAATKRQKYERISEKKMSTPIEVLCKGYPSEFSTYLNFCRSLRFDDKPDYSYLRQLFRNLFHRQGFSYDYVFDWNMLKFGAARNPEDVDRERREHEREERMGQLRGSATRALPPGPPTGATANRLRSAAEPVASTPASRIQPAGNTSPRAISRVDRERKVSMRLHRGAPANVSSSDLTGRQEVSRIPASQTSVPFDHLGK
AD3,P49768,PSEN1 AD3 PS1 PSNL1,MTELPAPLSYFQNAQMSEDNHLSNTVRSQNDNRERQEHNDRRSLGHPEPLSNGRPQGNSRQVVEQDEEEDEELTLKYGAKHVIMLFVPVTLCMVVVVATIKSVSFYTRKDGQLIYTPFTEDTETVGQRALHSILNAAIMISVIVVMTILLVVLYKYRCYKVIHAWLIISSLLLLFFFSFIYLGEVFKTYNVAVDYITVALLIWNFGVVGMISIHWKGPLRLQQAYLIMISALMALVFIKYLPEWTAWLILAVISVYDLVAVLCPKGPLRMLVETAQERNETLFPALIYSSTMVWLVNMAEGDPEAQRRVSKNSKYNAESTERESQDTVAENDDGGFSEEWEAQRDSHLGPHRSTPESRAAVQELSSSILAGEDPEERGVKLGLGDFIFYSVLVGKASATASGDWNTTIACFVAILIGLCLTLLLLAIFKKALPALPISITFGLVFYFATDYLVQPFMDQLAFHQFYI
GSK3B,P49841,GSK3B,MSGRPRTTSFAESCKPVQQPSAFGSMKVSRDKDGSKVTTVVATPGQGPDRPQEVSYTDTKVIGNGSFGVVYQAKLCDSGELVAIKKVLQDKRFKNRELQIMRKLDHCNIVRLRYFFYSSGEKKDEVYLNLVLDYVPETVYRVARHYSRAKQTLPVIYVKLYMYQLFRSLAYIHSFGICHRDIKPQNLLLDPDTAVLKLCDFGSAKQLVRGEPNVSYICSRYYRAPELIFGATDYTSSIDVWSAGCVLAELLLGQPIFPGDSGVDQLVEIIKVLGTPTREQIREMNPNYTEFKFPQIKAHPWTKVFRPRTPPEAIALCSRLLEYTPTARLTPLEACAHSFFDELRDPNVKLPNGRDTPALFNFTTQELSSNPPLATILIPPHARIQAAASTPTNATAASDANTGDRGQTNNAASASASNST
WNT4,P56705,WNT4 UNQ426/PRO864,MSPRSCLRSLRLLVFAVFSAAASNWLYLAKLSSVGSISEEETCEKLKGLIQRQVQMCKRNLEVMDSVRRGAQLAIEECQYQFRNRRWNCSTLDSLPVFGKVVTQGTREAAFVYAISSAGVAFAVTRACSSGELEKCGCDRTVHGVSPQGFQWSGCSDNIAYGVAFSQSFVDVRERSKGASSSRALMNLHNNEAGRKAILTHMRVECKCHGVSGSCEVKTCWRAVPPFRQVGHALKEKFDGATEVEPRRVGSSRALVPRNAQFKPHTDEDLVYLEPSPDFCEQDMRSGVLGTRGRTCNKTSKAIDGCELLCCGRGFHTAQVELAERCSCKFHWCCFVKCRQCQRLVELHTCR
RHOA,P61586,RHOA ARH12 ARHA RHO12,MAAIRKKLVIVGDGACGKTCLLIVFSKDQFPEVYVPTVFENYVADIEVDGKQVELALWDTAGQEDYDRLRPLSYPDTDVILMCFSIDSPDSLENIPEKWTPEVKHFCPNVPIILVGNKKDLRNDEHTRRELAKMKQEPVKPEEGRDMANRIGAFGYMECSAKTKDGVREVFEMATRAALQARRGKKKSGCLVL
SKP1A,P63208,SKP1 EMC19 OCP2 SKP1A TCEB1L,MPSIKLQSSDGEIFEVDVEIAKQSVTIKTMLEDLGMDDEGDDDPVPLPNVNAAILKKVIQWCTHHKDDPPPPEDDENKEKRTDDIPVWDQEFLKVDQGTLFELILAANYLDIKGLLDVTCKTVANMIKGKTPEEIRKTFNIKNDFTEEEEAQVRKENQWCEEK
PPP2CA,P67775,PPP2CA,MDEKVFTKELDQWIEQLNECKQLSESQVKSLCEKAKEILTKESNVQEVRCPVTVCGDVHGQFHDLMELFRIGGKSPDTNYLFMGDYVDRGYYSVETVTLLVALKVRYRERITILRGNHESRQITQVYGFYDECLRKYGNANVWKYFTDLFDYLPLTALVDGQIFCLHGGLSPSIDTLDHIRALDRLQEVPHEGPMCDLLWSDPDDRGGWGISPRGAGYTFGQDISETFNHANGLTLVSRAHQLVMEGYNWCHDRNVVTIFSAPNYCYRCGNQAAIMELDDTLKYSFLQFDPAPRRGEPHVTRRTPDYFL
EEF1A1,P68104,EEF1A1 EEF1A EF1A LENG7,MGKEKTHINIVVIGHVDSGKSTTTGHLIYKCGGIDKRTIEKFEKEAAEMGKGSFKYAWVLDKLKAERERGITIDISLWKFETSKYYVTIIDAPGHRDFIKNMITGTSQADCAVLIVAAGVGEFEAGISKNGQTREHALLAYTLGVKQLIVGVNKMDSTEPPYSQKRYEEIVKEVSTYIKKIGYNPDTVAFVPISGWNGDNMLEPSANMPWFKGWKVTRKDGNASGTTLLEALDCILPPTRPTDKPLRLPLQDVYKIGGIGTVPVGRVETGVLKPGMVVTFAPVNVTTEVKSVEMHHEALSEALPGDNVGFNVKNVSVKDVRRGNVAGDSKNDPPMEAAGFTAQVIILNHPGQISAGYAPVLDCHTAHIACKFAELKEKIDRRSGKKLEDGPKFLKSGDAAIVDMVPGKPMCVESFSDYPPLGRFAVRDMRQTVAVGVIKAVDKKAAGAGKVTKSAQKAQKAK
CSNK2A1,P68400,CSNK2A1 CK2A1,MSGPVPSRARVYTDVNTHRPREYWDYESHVVEWGNQDDYQLVRKLGRGKYSEVFEAINITNNEKVVVKILKPVKKKKIKREIKILENLRGGPNIITLADIVKDPVSRTPALVFEHVNNTDFKQLYQTLTDYDIRFYMYEILKALDYCHSMGIMHRDVKPHNVMIDHEHRKLRLIDWGLAEFYHPGQEYNVRVASRYFKGPELLVDYQMYDYSLDMWSLGCMLASMIFRKEPFFHGHDNYDQLVRIAKVLGTEDLYDYIDKYNIELDPRFNDILGRHSRKRWERFVHSENQHLVSPEALDFLDKLLRYDHQSRLTAREAMEHPYFYTVVKDQARMGSSSMPGGSTPVSSANMMSGISSVPTPSPLGPLAGSPVIAAANPLGMPVPAAAGAQQ
PPP3CA,Q08209,PPP3CA CALNA CNA,MSEPKAIDPKLSTTDRVVKAVPFPPSHRLTAKEVFDNDGKPRVDILKAHLMKEGRLEESVALRIITEGASILRQEKNLLDIDAPVTVCGDIHGQFFDLMKLFEVGGSPANTRYLFLGDYVDRGYFSIECVLYLWALKILYPKTLFLLRGNHECRHLTEYFTFKQECKIKYSERVYDACMDAFDCLPLAALMNQQFLCVHGGLSPEINTLDDIRKLDRFKEPPAYGPMCDILWSDPLEDFGNEKTQEHFTHNTVRGCSYFYSYPAVCEFLQHNNLLSILRAHEAQDAGYRMYRKSQTTGFPSLITIFSAPNYLDVYNNKAAVLKYENNVMNIRQFNCSPHPYWLPNFMDVFTWSLPFVGEKVTEMLVNVLNICSDDELGSEEDGFDGATAAARKEVIRNKIRAIGKMARVFSVLREESESVLTLKGLTPTGMLPSGVLSGGKQTLQSATVEAIEADEAIKGFSPQHKITSFEEAKGLDRINERMPPRRDAMPSDANLNSINKALTSETNGTDSNGSNSSNIQ
GTF3C1,Q12789,GTF3C1,MDALESLLDEVALEGLDGLCLPALWSRLETRVPPFPLPLEPCTQEFLWRALATHPGISFYEEPRERPDLQLQDRYEEIDLETGILESRRDPVALEDVYPIHMILENKDGIQGSCRYFKERKNITNDIRTKSLQPRCTMVEAFDRWGKKLIIVASQAMRYRALIGQEGDPDLKLPDFSYCILERLGRSRWQGELQRDLHTTAFKVDAGKLHYHRKILNKNGLITMQSHVIRLPTGAQQHSILLLLNRFHVDRRSKYDILMEKLSVMLSTRTNHIETLGKLREELGLCERTFKRLYQYMLNAGLAKVVSLRLQEIHPECGPCKTKKGTDVMVRCLKLLKEFKRNDHDDDEDEEVISKTVPPVDIVFERDMLTQTYDLIERRGTKGISQAEIRVAMNVGKLEARMLCRLLQRFKVVKGFMEDEGRQRTTKYISCVFAEESDLSRQYQREKARSELLTTVSLASMQEESLLPEGEDTFLSESDSEEERSSSKRRGRGSQKDTRASANLRPKTQPHHSTPTKGGWKVVNLHPLKKQPPSFPGAAEERACQSLASRDSLLDTSSVSEPNVSFVSHCADSNSGDIAVIEEVRMENPKESSSSLKTGRHSSGQDKPHETYRLLKRRNLIIEAVTNLRLIESLFTIQKMIMDQEKQEGVSTKCCKKSIVRLVRNLSEEGLLRLYRTTVIQDGIKKKVDLVVHPSMDQNDPLVRSAIEQVRFRISNSSTANRVKTSQPPVPQGEAEEDSQGKEGPSGSGDSQLSASSRSESGRMKKSDNKMGITPLRNYHPIVVPGLGRSLGFLPKMPRLRVVHMFLWYLIYGHPASNTVEKPSFISERRTIKQESGRAGVRPSSSGSAWEACSEAPSKGSQDGVTWEAEVELATETVYVDDASWMRYIPPIPVHRDFGFGWALVSDILLCLPLSIFIQIVQVSYKVDNLEEFLNDPLKKHTLIRFLPRPIRQQLLYKRRYIFSVVENLQRLCYMGLLQFGPTEKFQDKDQVFIFLKKNAVIVDTTICDPHYNLARSSRPFERRLYVLNSMQDVENYWFDLQCVCLNTPLGVVRCPRVRKNSSTDQGSDEEGSLQKEQESAMDKHNLERKCAMLEYTTGSREVVDEGLIPGDGLGAAGLDSSFYGHLKRNWIWTSYIINQAKKENTAAENGLTVRLQTFLSKRPMPLSARGNSRLNIWGEARVGSELCAGWEEQFEVDREPSLDRNRRVRGGKSQKRKRLKKDPGKKIKRKKKGEFPGEKSKRLRYHDEADQSALQRMTRLRVTWSMQEDGLLVLCRIASNVLNTKVKGPFVTWQVVRDILHATFEESLDKTSHSVGRRARYIVKNPQAYLNYKVCLAEVYQDKALVGDFMNRRGDYDDPKVCANEFKEFVEKLKEKFSSALRNSNLEIPDTLQELFARYRVLAIGDEKDQTRKEDELNSVDDIHFLVLQNLIQSTLALSDSQMKSYQSFQTFRLYREYKDHVLVKAFMECQKRSLVNRRRVNHTLGPKKNRALPFVPMSYQLSQTYYRIFTWRFPSTICTESFQFLDRMRAAGKLDQPDRFSFKDQDNNEPTNDMVAFSLDGPGGNCVAVLTLFSLGLISVDVRIPEQIIVVDSSMVENEVIKSLGKDGSLEDDEDEEDDLDEGVGGKRRSMEVKPAQASHTNYLLMRGYYSPGIVSTRNLNPNDSIVVNSCQMKFQLRCTPVPARLRPAAAPLEELTMGTSCLPDTFTKLINPQENTCSLEEFVLQLELSGYSPEDLTAALEILEAIIATGCFGIDKEELRRRFSALEKAGGGRTRTFADCIQALLEQHQVLEVGGNTARLVAMGSAWPWLLHSVRLKDREDADIQREDPQARPLEGSSSEDSPPEGQAPPSHSPRGTKRRASWASENGETDAEGTQMTPAKRPALQDSNLAPSLGPGAEDGAEAQAPSPPPALEDTAAAGAAQEDQEGVGEFSSPGQEQLSGQAQPPEGSEDPRGFTESFGAANISQAARERDCESVCFIGRPWRVVDGHLNLPVCKGMMEAMLYHIMTRPGIPESSLLRHYQGVLQPVAVLELLQGLESLGCIRKRWLRKPRPVSLFSTPVVEEVEVPSSLDESPMAFYEPTLDCTLRLGRVFPHEVNWNKWIHL
UNC119,Q13432,UNC119 RG4,MKVKKGGGGAGTATESAPGPSGQSVAPIPQPPAESESGSESEPDAGPGPRPGPLQRKQPIGPEDVLGLQRITGDYLCSPEENIYKIDFVRFKIRDMDSGTVLFEIKKPPVSERLPINRRDLDPNAGRFVRYQFTPAFLRLRQVGATVEFTVGDKPVNNFRMIERHYFRNQLLKSFDFHFGFCIPSSKNTCEHIYDFPPLSEELISEMIRHPYETQSDSFYFVDDRLVMHNKADYSYSGTP
ROCK1,Q13464,ROCK1,MSTGDSFETRFEKMDNLLRDPKSEVNSDCLLDGLDALVYDLDFPALRKNKNIDNFLSRYKDTINKIRDLRMKAEDYEVVKVIGRGAFGEVQLVRHKSTRKVYAMKLLSKFEMIKRSDSAFFWEERDIMAFANSPWVVQLFYAFQDDRYLYMVMEYMPGGDLVNLMSNYDVPEKWARFYTAEVVLALDAIHSMGFIHRDVKPDNMLLDKSGHLKLADFGTCMKMNKEGMVRCDTAVGTPDYISPEVLKSQGGDGYYGRECDWWSVGVFLYEMLVGDTPFYADSLVGTYSKIMNHKNSLTFPDDNDISKEAKNLICAFLTDREVRLGRNGVEEIKRHLFFKNDQWAWETLRDTVAPVVPDLSSDIDTSNFDDLEEDKGEEETFPIPKAFVGNQLPFVGFTYYSNRRYLSSANPNDNRTSSNADKSLQESLQKTIYKLEEQLHNEMQLKDEMEQKCRTSNIKLDKIMKELDEEGNQRRNLESTVSQIEKEKMLLQHRINEYQRKAEQENEKRRNVENEVSTLKDQLEDLKKVSQNSQLANEKLSQLQKQLEEANDLLRTESDTAVRLRKSHTEMSKSISQLESLNRELQERNRILENSKSQTDKDYYQLQAILEAERRDRGHDSEMIGDLQARITSLQEEVKHLKHNLEKVEGERKEAQDMLNHSEKEKNNLEIDLNYKLKSLQQRLEQEVNEHKVTKARLTDKHQSIEEAKSVAMCEMEKKLKEEREAREKAENRVVQIEKQCSMLDVDLKQSQQKLEHLTGNKERMEDEVKNLTLQLEQESNKRLLLQNELKTQAFEADNLKGLEKQMKQEINTLLEAKRLLEFELAQLTKQYRGNEGQMRELQDQLEAEQYFSTLYKTQVKELKEEIEEKNRENLKKIQELQNEKETLATQLDLAETKAESEQLARGLLEEQYFELTQESKKAASRNRQEITDKDHTVSRLEEANSMLTKDIEILRRENEELTEKMKKAEEEYKLEKEEEISNLKAAFEKNINTERTLKTQAVNKLAEIMNRKDFKIDRKKANTQDLRKKEKENRKLQLELNQEREKFNQMVVKHQKELNDMQAQLVEECAHRNELQMQLASKESDIEQLRAKLLDLSDSTSVASFPSADETDGNLPESRIEGWLSVPNRGNIKRYGWKKQYVVVSSKKILFYNDEQDKEQSNPSMVLDIDKLFHVRPVTQGDVYRAETEEIPKIFQILYANEGECRKDVEMEPVQQAEKTNFQNHKGHEFIPTLYHFPANCDACAKPLWHVFKPPPALECRRCHVKCHRDHLDKKEDLICPCKVSYDVTSARDMLLLACSQDEQKKWVTHLVKKIPKNPPSGFVRASPRTLSTRSTANQSFRKVVKNTSGKTS
CRMP1,Q14194,CRMP1 DPYSL1 ULIP3,MSYQGKKSIPHITSDRLLIKGGRIINDDQSLYADVYLEDGLIKQIGENLIVPGGVKTIEANGRMVIPGGIDVNTYLQKPSQGMTAADDFFQGTRAALVGGTTMIIDHVVPEPGSSLLTSFEKWHEAADTKSCCDYSLHVDITSWYDGVREELEVLVQDKGVNSFQVYMAYKDVYQMSDSQLYEAFTFLKGLGAVILVHAENGDLIAQEQKRILEMGITGPEGHALSRPEELEAEAVFRAITIAGRINCPVYITKVMSKSAADIIALARKKGPLVFGEPIAASLGTDGTHYWSKNWAKAAAFVTSPPLSPDPTTPDYLTSLLACGDLQVTGSGHCPYSTAQKAVGKDNFTLIPEGVNGIEERMTVVWDKAVATGKMDENQFVAVTSTNAAKIFNLYPRKGRIAVGSDADVVIWDPDKLKTITAKSHKSAVEYNIFEGMECHGSPLVVISQGKIVFEDGNINVNKGMGRFIPRKAFPEHLYQRVKIRNKVFGLQGVSRGMYDGPVYEVPATPKYATPAPSAKSSPSKHQPPPIRNLHQSNFSLSGAQIDDNNPRRTGHRIVAPPGGRSNITSLG
COPS6,Q7L5N1,COPS6 CSN6 HVIP,MAAAAAAAAATNGTGGSSGMEVDAAVVPSVMACGVTGSVSVALHPLVILNISDHWIRMRSQEGRPVQVIGALIGKQEGRNIEVMNSFELLSHTVEEKIIIDKEYYYTKEEQFKQVFKELEFLGWYTTGGPPDPSDIHVHKQVCEIIESPLFLKLNPMTKHTDLPVSVFESVIDIINGEATMLFAELTYTLATEEAERIGVDHVARMTATGSGENSTVAEHLIAQHSAIKMLHSRVKLILEYVKASEAGEVPFNHEILREAYALCHCLPVLSTDKFKTDFYDQCNDVGLMAYLGTITKTCNTMNQFVNKFNVLYDRQGIGRRMRGLFF
SFRP1,Q8N474,SFRP1 FRP FRP1 SARP2,MGIGRSEGGRRGAALGVLLALGAALLAVGSASEYDYVSFQSDIGPYQSGRFYTKPPQCVDIPADLRLCHNVGYKKMVLPNLLEHETMAEVKQQASSWVPLLNKNCHAGTQVFLCSLFAPVCLDRPIYPCRWLCEAVRDSCEPVMQFFGFYWPEMLKCDKFPEGDVCIAMTPPNATEASKPQGTTVCPPCDNELKSEAIIEHLCASEFALRMKIKEVKKENGDKKIVPKKKKPLKLGPIKKKDLKKLVLYLKNGADCPCHQLDNLSHHFLIMGRKVKSQYLLTAIHKWDKKNKEFKNFMKKMKNHECPTFQSVFK
FRAT1,Q92837,FRAT1,MPCRREEEEEAGEEAEGEEEEEDSFLLLQQSVALGSSGEVDRLVAQIGETLQLDAAQHSPASPCGPPGAPLRAPGPLAAAVPADKARSPAVPLLLPPALAETVGPAPPGVLRCALGDRGRVRGRAAPYCVAELATGPSALSPLPPQADLDGPPGAGKQGIPQPLSGPCRRGWLRGAAASRRLQQRRGSQPETRTGDDDPHRLLQQLVLSGNLIKEAVRRLHSRRLQLRAKLPQRPLLGPLSAPVHEPPSPRSPRAACSDPGASGRAQLRTGDGVLVPGS
USP13,Q92995,USP13 ISOT3,MQRRGALFGMPGGSGGRKMAAGDIGELLVPHMPTIRVPRSGDRVYKNECAFSYDSPNSEGGLYVCMNTFLAFGREHVERHFRKTGQSVYMHLKRHVREKVRGASGGALPKRRNSKIFLDLDTDDDLNSDDYEYEDEAKLVIFPDHYEIALPNIEELPALVTIACDAVLSSKSPYRKQDPDTWENELPVSKYANNLTQLDNGVRIPPSGWKCARCDLRENLWLNLTDGSVLCGKWFFDSSGGNGHALEHYRDMGYPLAVKLGTITPDGADVYSFQEEEPVLDPHLAKHLAHFGIDMLHMHGTENGLQDNDIKLRVSEWEVIQESGTKLKPMYGPGYTGLKNLGNSCYLSSVMQAIFSIPEFQRAYVGNLPRIFDYSPLDPTQDFNTQMTKLGHGLLSGQYSKPPVKSELIEQVMKEEHKPQQNGISPRMFKAFVSKSHPEFSSNRQQDAQEFFLHLVNLVERNRIGSENPSDVFRFLVEERIQCCQTRKVRYTERVDYLMQLPVAMEAATNKDELIAYELTRREAEANRRPLPELVRAKIPFSACLQAFSEPENVDDFWSSALQAKSAGVKTSRFASFPEYLVVQIKKFTFGLDWVPKKFDVSIDMPDLLDINHLRARGLQPGEEELPDISPPIVIPDDSKDRLMNQLIDPSDIDESSVMQLAEMGFPLEACRKAVYFTGNMGAEVAFNWIIVHMEEPDFAEPLTMPGYGGAASAGASVFGASGLDNQPPEEIVAIITSMGFQRNQAIQALRATNNNLERALDWIFSHPEFEEDSDFVIEMENNANANIISEAKPEGPRVKDGSGTYELFAFISHMGTSTMSGHYICHIKKEGRWVIYNDHKVCASERPPKDLGYMYFYRRIPS
NKD1,Q969G9,NKD1 NKD PP7246,MGKLHSKPAAVCKRRESPEGDSFAVSAAWARKGIEEWIGRQRCPGGVSGPRQLRLAGTIGRSTRELVGDVLRDTLSEEEEDDFRLEVALPPEKTDGLGSGDEKKMERVSEPCPGSKKQLKFEELQCDVSMEEDSRQEWTFTLYDFDNNGKVTREDITSLLHTIYEVVDSSVNHSPTSSKMLRVKLTVAPDGSQSKRSVLVNQADLQSARPRAETKPTEDLRSWEKKQRAPLRFQGDSRLEQSGCYHHCVDENIERRNHYLDLAGIENYTSQFGPGSPSVAQKSELPPRTSNPTRSRSHEPEAIHIPHRKPQGVDPASFHFLDTPIAKVSELQQRLRGTQDGSKHFVRSPKAQGKSVGVGHVARGARNKPPLGPAIPAVSPSAHLAASPALLPSLAPLGHKKHKHRAKESQQGCRGLQAPLASGGPVLGREHLRELPALVVYESQAGQPVQRHEHHHHHEHHHHYHHFYQT
PRICKLE1,Q96MT3,PRICKLE1 RILP,MPLEMEPKMSKLAFGCQRSSTSDDDSGCALEEYAWVPPGLRPEQIQLYFACLPEEKVPYVNSPGEKHRIKQLLYQLPPHDNEVRYCQSLSEEEKKELQVFSAQRKKEALGRGTIKLLSRAVMHAVCEQCGLKINGGEVAVFASRAGPGVCWHPSCFVCFTCNELLVDLIYFYQDGKIHCGRHHAELLKPRCSACDEIIFADECTEAEGRHWHMKHFCCLECETVLGGQRYIMKDGRPFCCGCFESLYAEYCETCGEHIGVDHAQMTYDGQHWHATEACFSCAQCKASLLGCPFLPKQGQIYCSKTCSLGEDVHASDSSDSAFQSARSRDSRRSVRMGKSSRSADQCRQSLLLSPALNYKFPGLSGNADDTLSRKLDDLSLSRQGTSFASEEFWKGRVEQETPEDPEEWADHEDYMTQLLLKFGDKSLFQPQPNEMDIRASEHWISDNMVKSKTELKQNNQSLASKKYQSDMYWAQSQDGLGDSAYGSHPGPASSRRLQELELDHGASGYNHDETQWYEDSLECLSDLKPEQSVRDSMDSLALSNITGASVDGENKPRPSLYSLQNFEEMETEDCEKMSNMGTLNSSMLHRSAESLKSLSSELCPEKILPEEKPVHLPVLRRSKSQSRPQQVKFSDDVIDNGNYDIEIRQPPMSERTRRRVYNFEERGSRSHHHRRRRSRKSRSDNALNLVTERKYSPKDRLRLYTPDNYEKFIQNKSAREIQAYIQNADLYGQYAHATSDYGLQNPGMNRFLGLYGEDDDSWCSSSSSSSDSEEEGYFLGQPIPQPRPQRFAYYTDDLSSPPSALPTPQFGQRTTKSKKKKGHKGKNCIIS
CDK5RAP2,Q96SN8,CDK5RAP2 CEP215 KIAA1633,MMDLVLEEDVTVPGTLSGCSGLVPSVPDDLDGINPNAGLGNGLLPNVSEETVSPTRARNMKDFENQITELKKENFNLKLRIYFLEERMQQEFHGPTEHIYKTNIELKVEVESLKRELQEREQLLIKASKAVESLAEAGGSEIQRVKEDARKKVQQVEDLLTKRILLLEKDVTAAQAELEKAFAGTETEKALRLRLESKLSEMKKMHEGDLAMALVLDEKDRLIEELKLSLKSKEALIQCLKEEKSQMACPDENVSSGELRGLCAAPREEKERETEAAQMEHQKERNSFEERIQALEEDLREKEREIATEKKNSLKRDKAIQGLTMALKSKEKKVEELNSEIEKLSAAFAKAREALQKAQTQEFQGSEDYETALSGKEALSAALRSQNLTKSTENHRLRRSIKKITQELSDLQQERERLEKDLEEAHREKSKGDCTIRDLRNEVEKLRNEVNEREKAMENRYKSLLSESNKKLHNQEQVIKHLTESTNQKDVLLQKFNEKDLEVIQQNCYLMAAEDLELRSEGLITEKCSSQQPPGSKTIFSKEKKQSSDYEELIQVLKKEQDIYTHLVKSLQESDSINNLQAELNKIFALRKQLEQDVLSYQNLRKTLEEQISEIRRREEESFSLYSDQTSYLSICLEENNRFQVEHFSQEELKKKVSDLIQLVKELYTDNQHLKKTIFDLSCMGFQGNGFPDRLASTEQTELLASKEDEDTIKIGEDDEINFLSDQHLQQSNEIMKDLSKGGCKNGYLRHTESKISDCDGAHAPGCLEEGAFINLLAPLFNEKATLLLESRPDLLKVVRELLLGQLFLTEQEVSGEHLDGKTEKTPKQKGELVHFVQTNSFSKPHDELKLSCEAQLVKAGEVPKVGLKDASVQTVATEGDLLRFKHEATREAWEEKPINTALSAEHRPENLHGVPGWQAALLSLPGITNREAKKSRLPILIKPSRSLGNMYRLPATQEVVTQLQSQILELQGELKEFKTCNKQLHQKLILAEAVMEGRPTPDKTLLNAQPPVGAAYQDSPGEQKGIKTTSSVWRDKEMDSDQQRSYEIDSEICPPDDLASLPSCKENPEDVLSPTSVATYLSSKSQPSAKVSVMGTDQSESINTSNETEYLKQKIHDLETELEGYQNFIFQLQKHSQCSEAIITVLCGTEGAQDGLSKPKNGSDGEEMTFSSLHQVRYVKHVKILGPLAPEMIDSRVLENLKQQLEEQEYKLQKEQNLNMQLFSEIHNLQNKFRDLSPPRYDSLVQSQARELSLQRQQIKDGHGICVISRQHMNTMIKAFEELLQASDVDYCVAEGFQEQLNQCAELLEKLEKLFLNGKSVGVEMNTQNELMERIEEDNLTYQHLLPESPEPSASHALSDYETSEKSFFSRDQKQDNETEKTSVMVNSFSQDLLMEHIQEIRTLRKRLEESIKTNEKLRKQLERQGSEFVQGSTSIFASGSELHSSLTSEIHFLRKQNQALNAMLIKGSRDKQKENDKLRESLSRKTVSLEHLQREYASVKEENERLQKEGSEKERHNQQLIQEVRCSGQELSRVQEEVKLRQQLLSQNDKLLQSLRVELKAYEKLDEEHRRLREASGEGWKGQDPFRDLHSLLMEIQALRLQLERSIETSSTLQSRLKEQLARGAEKAQEGALTLAVQAVSIPEVPLQPDKHDGDKYPMESDNSFDLFDSSQAVTPKSVSETPPLSGNDTDSLSCDSGSSATSTPCVSRLVTGHHLWASKNGRHVLGLIEDYEALLKQISQGQRLLAEMDIQTQEAPSSTSQELGTKGPHPAPLSKFVSSVSTAKLTLEEAYRRLKLLWRVSLPEDGQCPLHCEQIGEMKAEVTKLHKKLFEQEKKLQNTMKLLQLSKRQEKVIFDQLVVTHKILRKARGNLELRPGGAHPGTCSPSRPGS
SH3GL1,Q99961,SH3GL1 CNSA1 SH3D2B,MSVAGLKKQFYKASQLVSEKVGGAEGTKLDDDFKEMEKKVDVTSKAVTEVLARTIEYLQPNPASRAKLTMLNTVSKIRGQVKNPGYPQSEGLLGECMIRHGKELGGESNFGDALLDAGESMKRLAEVKDSLDIEVKQNFIDPLQNLCEKDLKEIQHHLKKLEGRRLDFDYKKKRQGKIPDEELRQALEKFEESKEVAETSMHNLLETDIEQVSQLSALVDAQLDYHRQAVQILDELAEKLKRRMREASSRPKREYKPKPREPFDLGEPEQSNGGFPCTTAPKIAASSSFRSSDKPIRTPSRSMPPLDQPSCKALYDFEPENDGELGFHEGDVITLTNQIDENWYEGMLDGQSGFFPLSYVEVLVPLPQ
SDCCAG16,Q9BVJ6,UTP14A SDCCAG16,MTANRLAESLLALSQQEELADLPKDYLLSESEDEGDNDGERKHQKLLEAISSLDGKNRRKLAERSEASLKVSEFNVSSEGSGEKLVLADLLEPVKTSSSLATVKKQLSRVKSKKTVELPLNKEEIERIHREVAFNKTAQVLSKWDPVVLKNRQAEQLVFPLEKEEPAIAPIEHVLSGWKARTPLEQEIFNLLHKNKQPVTDPLLTPVEKASLRAMSLEEAKMRRAELQRARALQSYYEAKARREKKIKSKKYHKVVKKGKAKKALKEFEQLRKVNPAAALEELEKIEKARMMERMSLKHQNSGKWAKSKAIMAKYDLEARQAMQEQLSKNKELTQKLQVASESEEEEGGTEDVEELLVPDVVNEVQMNADGPNPWMLRSCTSDTKEAATQEDPEQLPELEAHGVSESEGEERPVAEEEILLREFEERRSLRKRSELSQDAEPAGSQETKDSGSQEVLSELRVLSQKLKENHQSRKQKASSEGTIPQVQREEPAPEEEEPLLLQRPERVQTLEELEELGKEECFQNKELPRPVLEGQQSERTPNNRPDAPKEKKKKEQMIDLQNLLTTQSPSVKSLAVPTIEELEDEEERNHRQMIKEAFAGDDVIRDFLKEKREAVEASKPKDVDLTLPGWGEWGGVGLKPSAKKRRRFLIKAPEGPPRKDKNLPNVIINEKRNIHAAAHQVRVLPYPFTHHWQFERTIQTPIGSTWNTQRAFQKLTTPKVVTKPGHIINPIKAEDVGYRSSSRSDLSVIQRNPKRITTRHKKQLKKCSVD
MRPS26,Q9BYN8,MRPS26 C20orf193 RPMS13,MLRALSRLGAGTPCRPRAPLVLPARGRKTRHDPLAKSKIERVNMPPAVDPAEFFVLMERYQHYRQTVRALRMEFVSEVQRKVHEARAGVLAERKALKDAAEHRELMAWNQAENRRLHELRIARLRQEEREQEQRQALEQARKAEEVQAWAQRKEREVLQLQEEVKNFITRENLEARVEAALDSRKNYNWAITREGLVVRPQRRDS
CXXC4,Q9H2H0,CXXC4 IDAX,MHHRNDSQRLGKAGCPPEPSLQMANTNFLSTLSPEHCRPLAGECMNKLKCGAAEAEIMNLPERVGTFSAIPALGGISLPPGVIVMTALHSPAAASAAVTDSAFQIANLADCPQNHSSSSSSSSGGAGGANPAKKKRKRCGVCVPCKRLINCGVCSSCRNRKTGHQICKFRKCEELKKKPGTSLERTPVPSAEAFRWFF
SOX17,Q9H6I2,SOX17,MSSPDAGYASDDQSQTQSALPAVMAGLGPCPWAESLSPIGDMKVKGEAPANSGAPAGAAGRAKGESRIRRPMNAFMVWAKDERKRLAQQNPDLHNAELSKMLGKSWKALTLAEKRPFVEEAERLRVQHMQDHPNYKYRPRRRKQVKRLKRVEGGFLHGLAEPQAAALGPEGGRVAMDGLGLQFPEQGFPAGPPLLPPHMGGHYRDCQSLGAPPLDGYPLPTPDTSPLDGVDPDPAFFAAPMPGDCPAAGTYSYAQVSDYAGPPEPPAGPMHPRLGPEPAGPSIPGLLAPPSALHVYYGAMGSPGAGGGRGFQMQPQHQHQHQHQHHPPGPGQPSPPPEALPCRDGTDPSQPAELLGEVDRTEFEQYLHFVCKPEMGLPYQGHDSGVNLPDSHGAISSVVSDASSAVYYCNYPDV
SENP2,Q9HC62,SENP2 KIAA1331,MYRWLVRILGTIFRFCDRSVPPARALLKRRRSDSTLFSTVDTDEIPAKRPRLDCFIHQVKNSLYNAASLFGFPFQLTTKPMVTSACNGTRNVAPSGEVFSNSSSCELTGSGSWNNMLKLGNKSPNGISDYPKIRVTVTRDQPRRVLPSFGFTLNSEGCNRRPGGRRHSKGNPESSLMWKPQEQAVTEMISEESGKGLRRPHCTVEEGVQKEEREKYRKLLERLKESGHGNSVCPVTSNYHSSQRSQMDTLKTKGWGEEQNHGVKTTQFVPKQYRLVETRGPLCSLRSEKRCSKGKITDTETMVGIRFENESRRGYQLEPDLSEEVSARLRLGSGSNGLLRRKVSIIETKEKNCSGKERDRRTDDLLELTEDMEKEISNALGHGPQDEILSSAFKLRITRGDIQTLKNYHWLNDEVINFYMNLLVERNKKQGYPALHVFSTFFYPKLKSGGYQAVKRWTKGVNLFEQEIILVPIHRKVHWSLVVIDLRKKCLKYLDSMGQKGHRICEILLQYLQDESKTKRNSDLNLLEWTHHSMKPHEIPQQLNGSDCGMFTCKYADYISRDKPITFTQHQMPLFRKKMVWEILHQQLL
ISYNA1,Q9NPH2,ISYNA1 INO1,MEAAAQFFVESPDVVYGPEAIEAQYEYRTTRVSREGGVLKVHPTSTRFTFRTARQVPRLGVMLVGWGGNNGSTLTAAVLANRLRLSWPTRSGRKEANYYGSLTQAGTVSLGLDAEGQEVFVPFSAVLPMVAPNDLVFDGWDISSLNLAEAMRRAKVLDWGLQEQLWPHMEALRPRPSVYIPEFIAANQSARADNLIPGSRAQQLEQIRRDIRDFRSSAGLDKVIVLWTANTERFCEVIPGLNDTAENLLRTIELGLEVSPSTLFAVASILEGCAFLNGSPQNTLVPGALELAWQHRVFVGGDDFKSGQTKVKSVLVDFLIGSGLKTMSIVSYNHLGNNDGENLSAPLQFRSKEVSKSNVVDDMVQSNPVLYTPGEEPDHCVVIKYVPYVGDSKRALDEYTSELMLGGTNTLVLHNTCEDSLLAAPIMLDLALLTELCQRVSFCTDMDPEPQTFHPVLSLLSFLFKAPLVPPGSPVVNALFRQRSCIENILRACVGLPPQNHMLLEHKMERPGPSLKRVGPVAATYPMLNKKGPVPAATNGCTGDANGHLQEEPPMPTT
PLCB1,Q9NQ66,PLCB1 KIAA0581,MAGAQPGVHALQLKPVCVSDSLKKGTKFVKWDDDSTIVTPIILRTDPQGFFFYWTDQNKETELLDLSLVKDARCGRHAKAPKDPKLRELLDVGNIGRLEQRMITVVYGPDLVNISHLNLVAFQEEVAKEWTNEVFSLATNLLAQNMSRDAFLEKAYTKLKLQVTPEGRIPLKNIYRLFSADRKRVETALEACSLPSSRNDSIPQEDFTPEVYRVFLNNLCPRPEIDNIFSEFGAKSKPYLTVDQMMDFINLKQRDPRLNEILYPPLKQEQVQVLIEKYEPNNSLARKGQISVDGFMRYLSGEENGVVSPEKLDLNEDMSQPLSHYFINSSHNTYLTAGQLAGNSSVEMYRQVLLSGCRCVELDCWKGRTAEEEPVITHGFTMTTEISFKEVIEAIAECAFKTSPFPILLSFENHVDSPKQQAKMAEYCRLIFGDALLMEPLEKYPLESGVPLPSPMDLMYKILVKNKKKSHKSSEGSGKKKLSEQASNTYSDSSSMFEPSSPGAGEADTESDDDDDDDDCKKSSMDEGTAGSEAMATEEMSNLVNYIQPVKFESFEISKKRNKSFEMSSFVETKGLEQLTKSPVEFVEYNKMQLSRIYPKGTRVDSSNYMPQLFWNAGCQMVALNFQTMDLAMQINMGMYEYNGKSGYRLKPEFMRRPDKHFDPFTEGIVDGIVANTLSVKIISGQFLSDKKVGTYVEVDMFGLPVDTRRKAFKTKTSQGNAVNPVWEEEPIVFKKVVLPTLACLRIAVYEEGGKFIGHRILPVQAIRPGYHYICLRNERNQPLTLPAVFVYIEVKDYVPDTYADVIEALSNPIRYVNLMEQRAKQLAALTLEDEEEVKKEADPGETPSEAPSEARTTPAENGVNHTTTLTPKPPSQALHSQPAPGSVKAPAKTEDLIQSVLTEVEAQTIEELKQQKSFVKLQKKHYKEMKDLVKRHHKKTTDLIKEHTTKYNEIQNDYLRRRAALEKSAKKDSKKKSEPSSPDHGSSTIEQDLAALDAEMTQKLIDLKDKQQQQLLNLRQEQYYSEKYQKREHIKLLIQKLTDVAEECQNNQLKKLKEICEKEKKELKKKMDKKRQEKITEAKSKDKSQMEEEKTEMIRSYIQEVVQYIKRLEEAQSKRQEKLVEKHKEIRQQILDEKPKLQVELEQEYQDKFKRLPLEILEFVQEAMKGKISEDSNHGSAPLSLSSDPGKVNHKTPSSEELGGDIPGKEFDTPL
XPNPEP1,Q9NQW7,XPNPEP1 XPNPEPL XPNPEPL1,MPPKVTSELLRQLRQAMRNSEYVTEPIQAYIIPSGDAHQSEYIAPCDCRRAFVSGFDGSAGTAIITEEHAAMWTDGRYFLQAAKQMDSNWTLMKMGLKDTPTQEDWLVSVLPEGSRVGVDPLIIPTDYWKKMAKVLRSAGHHLIPVKENLVDKIWTDRPERPCKPLLTLGLDYTGISWKDKVADLRLKMAERNVMWFVVTALDEIAWLFNLRGSDVEHNPVFFSYAIIGLETIMLFIDGDRIDAPSVKEHLLLDLGLEAEYRIQVHPYKSILSELKALCADLSPREKVWVSDKASYAVSETIPKDHRCCMPYTPICIAKAVKNSAESEGMRRAHIKDAVALCELFNWLEKEVPKGGVTEISAADKAEEFRRQQADFVDLSFPTISSTGPNGAIIHYAPVPETNRTLSLDEVYLIDSGAQYKDGTTDVTRTMHFGTPTAYEKECFTYVLKGHIAVSAAVFPTGTKGHLLDSFARSALWDSGLDYLHGTGHGVGSFLNVHEGPCGISYKTFSDEPLEAGMIVTDEPGYYEDGAFGIRIENVVLVVPVKTKYNFNNRGSLTFEPLTLVPIQTKMIDVDSLTDKECDWLNNYHLTCRDVIGKELQKQGRQEALEWLIRETQPISKQH
STRN4,Q9NRL3,STRN4 ZIN,MMEERAAAAVAAAASSCRPLGSGAGPGPTGAAPVSAPAPGPGPAGKGGGGGGSPGPTAGPEPLSLPGILHFIQHEWARFEAEKARWEAERAELQAQVAFLQGERKGQENLKTDLVRRIKMLEYALKQERAKYHKLKFGTDLNQGEKKADVSEQVSNGPVESVTLENSPLVWKEGRQLLRQYLEEVGYTDTILDMRSKRVRSLLGRSLELNGAVEPSEGAPRAPPGPAGLSGGESLLVKQIEEQIKRNAAGKDGKERLGGSVLGQIPFLQNCEDEDSDEDDELDSVQHKKQRVKLPSKALVPEMEDEDEEDDSEDAINEFDFLGSGEDGEGAPDPRRCTVDGSPHELESRRVKLQGILADLRDVDGLPPKVTGPPPGTPQPRPHEDVFIMDTIGGGEVSLGDLADLTVTNDNDLSCDLSDSKDAFKKTWNPKFTLRSHYDGIRSLAFHHSQSALLTASEDGTLKLWNLQKAVTAKKNAALDVEPIHAFRAHRGPVLAVAMGSNSEYCYSGGADACIHSWKIPDLSMDPYDGYDPSVLSHVLEGHGDAVWGLAFSPTSQRLASCSADGTVRIWDPSSSSPACLCTFPTASEHGVPTSVAFTSTEPAHIVASFRSGDTVLYDMEVGSALLTLESRGSSGPTQINQVVSHPNQPLTITAHDDRGIRFLDNRTGKPVHSMVAHLDAVTCLAVDPNGAFLMSGSHDCSLRLWSLDNKTCVQEITAHRKKHEEAIHAVACHPSKALIASAGADALAKVFV
CTNNBIP1,Q9NSA3,CTNNBIP1 ICAT,MNREGAPGKSPEEMYIQQKVRVLLMLRKMGSNLTASEEEFLRTYAGVVNSQLSQLPPHSIDQGAEDVVMAFSRSETEDRRQ
FBXO34,Q9NWN3,FBXO34 FBX34,MHLKPYWKLQKKEHPPEVSRETQRTPMNHQKAVNDETCKASHITSSVFPSASLGKASSRKPFGILSPNVLCSMSGKSPVESSLNVKTKKNAPSATIHQGEEEGPLDIWAVVKPGNTKEKIAFFASHQCSNRIGSMKIKSSWDIDGRATKRRKKSGDLKKAKVQVERMREVNSRCYQPEPFACGIEHCSVHYVSDSGDGVYAGRPLSVIQMVAFLEQRASALLASCSKNCTNSPAIVRFSGQSRGVPAVSESYSAPGACEEPTERGNLEVGEPQSEPVRVLDMVAKLESECLKRQGQREPGSLSRNNSFRRNVGRVLLANSTQADEGKTKKGVLEAPDTQVNPVGSVSVDCGPSRADRCSPKEDQAWDGASQDCPPLPAGVSFHIDSAELEPGSQTAVKNSNRYDVEMTDELVGLPFSSHTYSQASELPTDAVDCMSRELVSLTSRNPDQRKESLCISITVSKVDKDQPSILNSCEDPVPGMLFFLPPGQHLSDYSQLNESTTKESSEASQLEDAAGGDSASEEKSGSAEPFVLPASSVESTLPVLEASSWKKQVSHDFLETRFKIQQLLEPQQYMAFLPHHIMVKIFRLLPTKSLVALKCTCCYFKFIIEYYNIRPADSRWVRDPRYREDPCKQCKKKYVKGDVSLCRWHPKPYCQALPYGPGYWMCCHRSQKGFPGCKLGLHDNHWVPACHSFNRAIHKKAKGTEAEEEY
KIAA1377,Q9P2H0,CEP126 KIAA1377,MLAGRPGTRSAVGELGTESSDNLDRAPLGPRESGGHHRPGSYLDMKIHLEKNLEEERQILLQQQKICRNRARKYFVESNRRKKAFEEKRKEQEEKEHQIREQILQQRKQKFEEVTEKFQRAHVPLSQRRKAVSRKPVPPLEEALKQIQESNLKSEVNLPFSRRPTINWRAIDSALPSALSKNDHKHQKQLLSKINCEKEMNENMRATLATSKNVFQLKLEETQKLLEDQHLSNLQKFCDEVNQITNSETLSSIDSLEATEHEEIYLTLNKEHSTSIQRNTISLKPANMQSTNLSCFDEDKLAFSKTQHINNWLTNLDASNTQNVTAFSDILSKSNVLPSWEYFNSKEQNPSPLNGTVERATNTANNSVPFVSSPPMFVLDKKCEKTSETSTMRTTDSTSGAFKRERPLVTESPTFKFSKSQSTSDSLTQEVATFPDQEKYSELNQENGTTSIPTSCVPVATPLVLPSNIQSARPSAKNSIHIKEIDAVQCSDKLDELKDGKEEEIKYFNCNKEELPLFSDSFQDAYIPHNPDSKDEKQKLAETSSLSNVTSNYDFVGQHKKMKYNIHERNGVRFLKSILKKESKYEHGYLKALIINQSFKFGNQKAAAIRDSIELTKEKGAEIPKTIKKLRWFDETSNIENNAENSHSLKNKTGTTQQHSQQFHIQSGAGSNIISVSTCAVNSADTKKSREDSISENVTTLGGSGADHMPLNCFIPSGYNFAKHAWPASKKEESKIPVHDDSKTKQGKPQRGRAKIIRKPGSAKVQSGFICTNRKGAVIQPQSASKVNIFTQAQGKLIIPCPPPQSTSNIRSGKNIQVSQCQPVTPENPQNIITHNSFNSKHVLPTEHSLNQWNQESSSPLSNACSDLVTVIPSLPSYCSSECQTFAKINHSNGTQAVARQDATLYCTQRSPVCEESYPSVTLRTAEEESVPLWKRGPNVLHQNKRATGSTVMRRKRIAETKRRNILEQKRQNPGSVGQKYSEQINNFGQSVLLSSSEPKQTTRGTSYIEEVSDSTSEFLMAENLVKASVPEDEILTVLNSKQIQKSNLPLNKTQQFNICTLSAEEQKILESLNDLSERLHYIQESICKNPSIKNTLQIIPLLEKREDRTSSCRDKR
NLK,Q9UBE8,NLK LAK1,MSLCGARANAKMMAAYNGGTSAAAAGHHHHHHHHLPHLPPPHLHHHHHPQHHLHPGSAAAVHPVQQHTSSAAAAAAAAAAAAAMLNPGQQQPYFPSPAPGQAPGPAAAAPAQVQAAAAATVKAHHHQHSHHPQQQLDIEPDRPIGYGAFGVVWSVTDPRDGKRVALKKMPNVFQNLVSCKRVFRELKMLCFFKHDNVLSALDILQPPHIDYFEEIYVVTELMQSDLHKIIVSPQPLSSDHVKVFLYQILRGLKYLHSAGILHRDIKPGNLLVNSNCVLKICDFGLARVEELDESRHMTQEVVTQYYRAPEILMGSRHYSNAIDIWSVGCIFAELLGRRILFQAQSPIQQLDLITDLLGTPSLEAMRTACEGAKAHILRGPHKQPSLPVLYTLSSQATHEAVHLLCRMLVFDPSKRISAKDALAHPYLDEGRLRYHTCMCKCCFSTSTGRVYTSDFEPVTNPKFDDTFEKNLSSVRQVKEIIHQFILEQQKGNRVPLCINPQSAAFKSFISSTVAQPSEMPPSPLVWE
WNT16,Q9UBV4,WNT16,MDRAALLGLARLCALWAALLVLFPYGAQGNWMWLGIASFGVPEKLGCANLPLNSRQKELCKRKPYLLPSIREGARLGIQECGSQFRHERWNCMITAAATTAPMGASPLFGYELSSGTKETAFIYAVMAAGLVHSVTRSCSAGNMTECSCDTTLQNGGSASEGWHWGGCSDDVQYGMWFSRKFLDFPIGNTTGKENKVLLAMNLHNNEAGRQAVAKLMSVDCRCHGVSGSCAVKTCWKTMSSFEKIGHLLKDKYENSIQISDKTKRKMRRREKDQRKIPIHKDDLLYVNKSPNYCVEDKKLGIPGTQGRECNRTSEGADGCNLLCCGRGYNTHVVRHVERCECKFIWCCYVRCRRCESMTDVHTCK
XPO7,Q9UIA9,XPO7 KIAA0745 RANBP16,MADHVQSLAQLENLCKQLYETTDTTTRLQAEKALVEFTNSPDCLSKCQLLLERGSSSYSQLLAATCLTKLVSRTNNPLPLEQRIDIRNYVLNYLATRPKLATFVTQALIQLYARITKLGWFDCQKDDYVFRNAITDVTRFLQDSVEYCIIGVTILSQLTNEINQADTTHPLTKHRKIASSFRDSSLFDIFTLSCNLLKQASGKNLNLNDESQHGLLMQLLKLTHNCLNFDFIGTSTDESSDDLCTVQIPTSWRSAFLDSSTLQLFFDLYHSIPPSFSPLVLSCLVQIASVRRSLFNNAERAKFLSHLVDGVKRILENPQSLSDPNNYHEFCRLLARLKSNYQLGELVKVENYPEVIRLIANFTVTSLQHWEFAPNSVHYLLSLWQRLAASVPYVKATEPHMLETYTPEVTKAYITSRLESVHIILRDGLEDPLEDTGLVQQQLDQLSTIGRCEYEKTCALLVQLFDQSAQSYQELLQSASASPMDIAVQEGRLTWLVYIIGAVIGGRVSFASTDEQDAMDGELVCRVLQLMNLTDSRLAQAGNEKLELAMLSFFEQFRKIYIGDQVQKSSKLYRRLSEVLGLNDETMVLSVFIGKIITNLKYWGRCEPITSKTLQLLNDLSIGYSSVRKLVKLSAVQFMLNNHTSEHFSFLGINNQSNLTDMRCRTTFYTALGRLLMVDLGEDEDQYEQFMLPLTAAFEAVAQMFSTNSFNEQEAKRTLVGLVRDLRGIAFAFNAKTSFMMLFEWIYPSYMPILQRAIELWYHDPACTTPVLKLMAELVHNRSQRLQFDVSSPNGILLFRETSKMITMYGNRILTLGEVPKDQVYALKLKGISICFSMLKAALSGSYVNFGVFRLYGDDALDNALQTFIKLLLSIPHSDLLDYPKLSQSYYSLLEVLTQDHMNFIASLEPHVIMYILSSISEGLTALDTMVCTGCCSCLDHIVTYLFKQLSRSTKKRTTPLNQESDRFLHIMQQHPEMIQQMLSTVLNIIIFEDCRNQWSMSRPLLGLILLNEKYFSDLRNSIVNSQPPEKQQAMHLCFENLMEGIERNLLTKNRDRFTQNLSAFRREVNDSMKNSTYGVNSNDMMS
ZHX1,Q9UKY1,ZHX1,MASRRKSTTPCMVLASEQDPDLELISDLDEGPPVLTPVENTRAESISSDEEVHESVDSDNQQNKKVEGGYECKYCTFQTPDLNMFTFHVDSEHPNVVLNSSYVCVECNFLTKRYDALSEHNLKYHPGEENFKLTMVKRNNQTIFEQTINDLTFDGSFVKEENAEQAESTEVSSSGISISKTPIMKMMKNKVENKRIAVHHNSVEDVPEEKENEIKPDREEIVENPSSSASESNTSTSIVNRIHPSTASTVVTPAAVLPGLAQVITAVSAQQNSNLIPKVLIPVNSIPTYNAALDNNPLLLNTYNKFPYPTMSEITVLSAQAKYTEEQIKIWFSAQRLKHGVSWTPEEVEEARRKQFNGTVHTVPQTITVIPTHISTGSNGLPSILQTCQIVGQPGLVLTQVAGTNTLPVTAPIALTVAGVPSQNNIQKSQVPAAQPTAETKPATAAVPTSQSVKHETALVNPDSFGIRAKKTKEQLAELKVSYLKNQFPHDSEIIRLMKITGLTKGEIKKWFSDTRYNQRNSKSNQCLHLNNDSSTTIIIDSSDETTESPTVGTAQPKQSWNPFPDFTPQKFKEKTAEQLRVLQASFLNSSVLTDEELNRLRAQTKLTRREIDAWFTEKKKSKALKEEKMEIDESNAGSSKEEAGETSPADESGAPKSGSTGKICKKTPEQLHMLKSAFVRTQWPSPEEYDKLAKESGLARTDIVSWFGDTRYAWKNGNLKWYYYYQSANSSSMNGLSSLRKRGRGRPKGRGRGRPRGRPRGSKRINNWDRGPSLIKFKTGTAILKDYYLKHKFLNEQDLDELVNKSHMGYEQVREWFAERQRRSELGIELFEENEEEDEVIDDQEEDEEETDDSDTWEPPRHVKRKLSKSDD
VANGL2,Q9ULK5,VANGL2 KIAA1215 STB1,MDTESQYSGYSYKSGHSRSSRKHRDRRDRHRSKSRDGGRGDKSVTIQAPGEPLLDNESTRGDERDDNWGETTTVVTGTSEHSISHDDLTRIAKDMEDSVPLDCSRHLGVAAGATLALLSFLTPLAFLLLPPLLWREELEPCGTACEGLFISVAFKLLILLLGSWALFFRRPKASLPRVFVLRALLMVLVFLLVVSYWLFYGVRILDARERSYQGVVQFAVSLVDALLFVHYLAVVLLELRQLQPQFTLKVVRSTDGASRFYNVGHLSIQRVAVWILEKYYHDFPVYNPALLNLPKSVLAKKVSGFKVYSLGEENSTNNSTGQSRAVIAAAARRRDNSHNEYYYEEAEHERRVRKRRARLVVAVEEAFTHIKRLQEEEQKNPREVMDPREAAQAIFASMARAMQKYLRTTKQQPYHTMESILQHLEFCITHDMTPKAFLERYLAAGPTIQYHKERWLAKQWTLVSEEPVTNGLKDGIVFLLKRQDFSLVVSTKKVPFFKLSEEFVDPKSHKFVMRLQSETSV
FZD10,Q9ULW2,FZD10,MQRPGPRLWLVLQVMGSCAAISSMDMERPGDGKCQPIEIPMCKDIGYNMTRMPNLMGHENQREAAIQLHEFAPLVEYGCHGHLRFFLCSLYAPMCTEQVSTPIPACRVMCEQARLKCSPIMEQFNFKWPDSLDCRKLPNKNDPNYLCMEAPNNGSDEPTRGSGLFPPLFRPQRPHSAQEHPLKDGGPGRGGCDNPGKFHHVEKSASCAPLCTPGVDVYWSREDKRFAVVWLAIWAVLCFFSSAFTVLTFLIDPARFRYPERPIIFLSMCYCVYSVGYLIRLFAGAESIACDRDSGQLYVIQEGLESTGCTLVFLVLYYFGMASSLWWVVLTLTWFLAAGKKWGHEAIEANSSYFHLAAWAIPAVKTILILVMRRVAGDELTGVCYVGSMDVNALTGFVLIPLACYLVIGTSFILSGFVALFHIRRVMKTGGENTDKLEKLMVRIGLFSVLYTVPATCVIACYFYERLNMDYWKILAAQHKCKMNNQTKTLDCLMAASIPAVEIFMVKIFMLLVVGITSGMWIWTSKTLQSWQQVCSRRLKKKSRRKPASVITSGGIYKKAQHPQKTHHGKYEIPAQSPTCV
DDX19,Q9UMR2,DDX19B DBP5 DDX19 TDBP,MATDSWALAVDEQEAAAESLSNLHLKEEKIKPDTNGAVVKTNANAEKTDEEEKEDRAAQSLLNKLIRSNLVDNTNQVEVLQRDPNSPLYSVKSFEELRLKPQLLQGVYAMGFNRPSKIQENALPLMLAEPPQNLIAQSQSGTGKTAAFVLAMLSQVEPANKYPQCLCLSPTYELALQTGKVIEQMGKFYPELKLAYAVRGNKLERGQKISEQIVIGTPGTVLDWCSKLKFIDPKKIKVFVLDEADVMIATQGHQDQSIRIQRMLPRNCQMLLFSATFEDSVWKFAQKVVPDPNVIKLKREEETLDTIKQYYVLCSSRDEKFQALCNLYGAITIAQAMIFCHTRKTASWLAAELSKEGHQVALLSGEMMVEQRAAVIERFREGKEKVLVTTNVCARGIDVEQVSVVINFDLPVDKDGNPDNETYLHRIGRTGRFGKRGLAVNMVDSKHSMNILNRIQEHFNKKIERLDTDDLDEIEKIAN
CAMK2A,Q9UQM7,CAMK2A CAMKA KIAA0968,MATITCTRFTEEYQLFEELGKGAFSVVRRCVKVLAGQEYAAKIINTKKLSARDHQKLEREARICRLLKHPNIVRLHDSISEEGHHYLIFDLVTGGELFEDIVAREYYSEADASHCIQQILEAVLHCHQMGVVHRDLKPENLLLASKLKGAAVKLADFGLAIEVEGEQQAWFGFAGTPGYLSPEVLRKDPYGKPVDLWACGVILYILLVGYPPFWDEDQHRLYQQIKAGAYDFPSPEWDTVTPEAKDLINKMLTINPSKRITAAEALKHPWISHRSTVASCMHRQETVDCLKKFNARRKLKGAILTTMLATRNFSGGKSGGNKKSDGVKESSESTNTTIEDEDTKVRKQEIIKVTEQLIEAISNGDFESYTKMCDPGMTAFEPEALGNLVEGLDFHRFYFENLWSRNSKPVHTTILNPHIHLMGDESACIAYIRITQYLDAGGIPRTAQSEETRVWHRRDGKWQIVHFHRSGAPSVLPH
RUVBL1,Q9Y265,RUVBL1 INO80H NMP238 TIP49 TIP49A,MKIEEVKSTTKTQRIASHSHVKGLGLDESGLAKQAASGLVGQENAREACGVIVELIKSKKMAGRAVLLAGPPGTGKTALALAIAQELGSKVPFCPMVGSEVYSTEIKKTEVLMENFRRAIGLRIKETKEVYEGEVTELTPCETENPMGGYGKTISHVIIGLKTAKGTKQLKLDPSIFESLQKERVEAGDVIYIEANSGAVKRQGRCDTYATEFDLEAEEYVPLPKGDVHKKKEIIQDVTLHDLDVANARPQGGQDILSMMGQLMKPKKTEITDKLRGEINKVVNKYIDQGIAELVPGVLFVDEVHMLDIECFTYLHRALESSIAPIVIFASNRGNCVIRGTEDITSPHGIPLDLLDRVMIIRTMLYTPQEMKQIIKIRAQTEGINISEEALNHLGEIGTKTTLRYSVQLLTPANLLAKINGKDSIEKEHVEEISELFYDAKSSAKILADQQDKYMK
BTRC,Q9Y297,BTRC BTRCP FBW1A FBXW1A,MDPAEAVLQEKALKFMCSMPRSLWLGCSSLADSMPSLRCLYNPGTGALTAFQNSSEREDCNNGEPPRKIIPEKNSLRQTYNSCARLCLNQETVCLASTAMKTENCVAKTKLANGTSSMIVPKQRKLSASYEKEKELCVKYFEQWSESDQVEFVEHLISQMCHYQHGHINSYLKPMLQRDFITALPARGLDHIAENILSYLDAKSLCAAELVCKEWYRVTSDGMLWKKLIERMVRTDSLWRGLAERRGWGQYLFKNKPPDGNAPPNSFYRALYPKIIQDIETIESNWRCGRHSLQRIHCRSETSKGVYCLQYDDQKIVSGLRDNTIKIWDKNTLECKRILTGHTGSVLCLQYDERVIITGSSDSTVRVWDVNTGEMLNTLIHHCEAVLHLRFNNGMMVTCSKDRSIAVWDMASPTDITLRRVLVGHRAAVNVVDFDDKYIVSASGDRTIKVWNTSTCEFVRTLNGHKRGIACLQYRDRLVVSGSSDNTIRLWDIECGACLRVLEGHEELVRCIRFDNKRIVSGAYDGKIKVWDLVAALDPRAPAGTLCLRTLVEHSGRVFRLQFDEFQIVSSSHDDTILIWDFLNDPAAQAEPPRSPSRTYTYISR
CGI-125,Q9Y3C7,MED31 SOH1 CGI-125,MAAAVAMETDDAGNRLRFQLELEFVQCLANPNYLNFLAQRGYFKDKAFVNYLKYLLYWKDPEYAKYLKYPQCLHMLELLQYEHFRKELVNAQCAKFIDEQQILHWQHYSRKRMRLQQALAEQQQQNNTSGK
DAAM1,Q9Y4D1,DAAM1 KIAA0666,MAPRKRGGRGISFIFCCFRNNDHPEITYRLRNDSNFALQTMEPALPMPPVEELDVMFSELVDELDLTDKHREAMFALPAEKKWQIYCSKKKDQEENKGATSWPEFYIDQLNSMAARKSLLALEKEEEEERSKTIESLKTALRTKPMRFVTRFIDLDGLSCILNFLKTMDYETSESRIHTSLIGCIKALMNNSQGRAHVLAHSESINVIAQSLSTENIKTKVAVLEILGAVCLVPGGHKKVLQAMLHYQKYASERTRFQTLINDLDKSTGRYRDEVSLKTAIMSFINAVLSQGAGVESLDFRLHLRYEFLMLGIQPVIDKLREHENSTLDRHLDFFEMLRNEDELEFAKRFELVHIDTKSATQMFELTRKRLTHSEAYPHFMSILHHCLQMPYKRSGNTVQYWLLLDRIIQQIVIQNDKGQDPDSTPLENFNIKNVVRMLVNENEVKQWKEQAEKMRKEHNELQQKLEKKERECDAKTQEKEEMMQTLNKMKEKLEKETTEHKQVKQQVADLTAQLHELSRRAVCASIPGGPSPGAPGGPFPSSVPGSLLPPPPPPPLPGGMLPPPPPPLPPGGPPPPPGPPPLGAIMPPPGAPMGLALKKKSIPQPTNALKSFNWSKLPENKLEGTVWTEIDDTKVFKILDLEDLERTFSAYQRQQDFFVNSNSKQKEADAIDDTLSSKLKVKELSVIDGRRAQNCNILLSRLKLSNDEIKRAILTMDEQEDLPKDMLEQLLKFVPEKSDIDLLEEHKHELDRMAKADRFLFEMSRINHYQQRLQSLYFKKKFAERVAEVKPKVEAIRSGSEEVFRSGALKQLLEVVLAFGNYMNKGQRGNAYGFKISSLNKIADTKSSIDKNITLLHYLITIVENKYPSVLNLNEELRDIPQAAKVNMTELDKEISTLRSGLKAVETELEYQKSQPPQPGDKFVSVVSQFITVASFSFSDVEDLLAEAKDLFTKAVKHFGEEAGKIQPDEFFGIFDQFLQAVSEAKQENENMRKKKEEEERRARMEAQLKEQRERERKMRKAKENSEESGEFDDLVSALRSGEVFDKDLSKLKRNRKRITNQMTDSSRERPITKLNF
WIF1,Q9Y5W5,WIF1 UNQ191/PRO217,MARRSAFPAAALWLWSILLCLLALRAEAGPPQEESLYLWIDAHQARVLIGFEEDILIVSEGKMAPFTHDFRKAQQRMPAIPVNIHSMNFTWQAAGQAEYFYEFLSLRSLDKGIMADPTVNVPLLGTVPHKASVVQVGFPCLGKQDGVAAFEVDVIVMNSEGNTILQTPQNAIFFKTCQQAECPGGCRNGGFCNERRICECPDGFHGPHCEKALCTPRCMNGGLCVTPGFCICPPGFYGVNCDKANCSTTCFNGGTCFYPGKCICPPGLEGEQCEISKCPQPCRNGGKCIGKSKCKCSKGYQGDLCSKPVCEPGCGAHGTCHEPNKCQCQEGWHGRHCNKRYEASLIHALRPAGAQLRQHTPSLKKAEERRDPPESNYIW
PROCN,Q6P2Q9,PRPF8 PRPC8,MAGVFPYRGPGNPVPGPLAPLPDYMSEEKLQEKARKWQQLQAKRYAEKRKFGFVDAQKEDMPPEHVRKIIRDHGDMTNRKFRHDKRVYLGALKYMPHAVLKLLENMPMPWEQIRDVPVLYHITGAISFVNEIPWVIEPVYISQWGSMWIMMRREKRDRRHFKRMRFPPFDDEEPPLDYADNILDVEPLEAIQLELDPEEDAPVLDWFYDHQPLRDSRKYVNGSTYQRWQFTLPMMSTLYRLANQLLTDLVDDNYFYLFDLKAFFTSKALNMAIPGGPKFEPLVRDINLQDEDWNEFNDINKIIIRQPIRTEYKIAFPYLYNNLPHHVHLTWYHTPNVVFIKTEDPDLPAFYFDPLINPISHRHSVKSQEPLPDDDEEFELPEFVEPFLKDTPLYTDNTANGIALLWAPRPFNLRSGRTRRALDIPLVKNWYREHCPAGQPVKVRVSYQKLLKYYVLNALKHRPPKAQKKRYLFRSFKATKFFQSTKLDWVEVGLQVCRQGYNMLNLLIHRKNLNYLHLDYNFNLKPVKTLTTKERKKSRFGNAFHLCREVLRLTKLVVDSHVQYRLGNVDAFQLADGLQYIFAHVGQLTGMYRYKYKLMRQIRMCKDLKHLIYYRFNTGPVGKGPGCGFWAAGWRVWLFFMRGITPLLERWLGNLLARQFEGRHSKGVAKTVTKQRVESHFDLELRAAVMHDILDMMPEGIKQNKARTILQHLSEAWRCWKANIPWKVPGLPTPIENMILRYVKAKADWWTNTAHYNRERIRRGATVDKTVCKKNLGRLTRLYLKAEQERQHNYLKDGPYITAEEAVAVYTTTVHWLESRRFSPIPFPPLSYKHDTKLLILALERLKEAYSVKSRLNQSQREELGLIEQAYDNPHEALSRIKRHLLTQRAFKEVGIEFMDLYSHLVPVYDVEPLEKITDAYLDQYLWYEADKRRLFPPWIKPADTEPPPLLVYKWCQGINNLQDVWETSEGECNVMLESRFEKMYEKIDLTLLNRLLRLIVDHNIADYMTAKNNVVINYKDMNHTNSYGIIRGLQFASFIVQYYGLVMDLLVLGLHRASEMAGPPQMPNDFLSFQDIATEAAHPIRLFCRYIDRIHIFFRFTADEARDLIQRYLTEHPDPNNENIVGYNNKKCWPRDARMRLMKHDVNLGRAVFWDIKNRLPRSVTTVQWENSFVSVYSKDNPNLLFNMCGFECRILPKCRTSYEEFTHKDGVWNLQNEVTKERTAQCFLRVDDESMQRFHNRVRQILMASGSTTFTKIVNKWNTALIGLMTYFREAVVNTQELLDLLVKCENKIQTRIKIGLNSKMPSRFPPVVFYTPKELGGLGMLSMGHVLIPQSDLRWSKQTDVGITHFRSGMSHEEDQLIPNLYRYIQPWESEFIDSQRVWAEYALKRQEAIAQNRRLTLEDLEDSWDRGIPRINTLFQKDRHTLAYDKGWRVRTDFKQYQVLKQNPFWWTHQRHDGKLWNLNNYRTDMIQALGGVEGILEHTLFKGTYFPTWEGLFWEKASGFEESMKWKKLTNAQRSGLNQIPNRRFTLWWSPTINRANVYVGFQVQLDLTGIFMHGKIPTLKISLIQIFRAHLWQKIHESIVMDLCQVFDQELDALEIETVQKETIHPRKSYKMNSSCADILLFASYKWNVSRPSLLADSKDVMDSTTTQKYWIDIQLRWGDYDSHDIERYARAKFLDYTTDNMSIYPSPTGVLIAIDLAYNLHSAYGNWFPGSKPLIQQAMAKIMKANPALYVLRERIRKGLQLYSSEPTEPYLSSQNYGELFSNQIIWFVDDTNVYRVTIHKTFEGNLTTKPINGAIFIFNPRTGQLFLKIIHTSVWAGQKRLGQLAKWKTAEEVAALIRSLPVEEQPKQIIVTRKGMLDPLEVHLLDFPNIVIKGSELQLPFQACLKVEKFGDLILKATEPQMVLFNLYDDWLKTISSYTAFSRLILILRALHVNNDRAKVILKPDKTTITEPHHIWPTLTDEEWIKVEVQLKDLILADYGKKNNVNVASLTQSEIRDIILGMEISAPSQQRQQIAEIEKQTKEQSQLTATQTRTVNKHGDEIITSTTSNYETQTFSSKTEWRVRAISAANLHLRTNHIYVSSDDIKETGYTYILPKNVLKKFICISDLRAQIAGYLYGVSPPDNPQVKEIRCIVMVPQWGTHQTVHLPGQLPQHEYLKEMEPLGWIHTQPNESPQLSPQDVTTHAKIMADNPSWDGEKTIIITCSFTPGSCTLTAYKLTPSGYEWGRQNTDKGNNPKGYLPSHYERVQMLLSDRFLGFFMVPAQSSWNYNFMGVRHDPNMKYELQLANPKEFYHEVHRPSHFLNFALLQEGEVYSADREDLYA
RAC4,Q67VP4,RAC4 ROP4 Os06g0234200 LOC_Os06g12790 OsJ_20720 OSJNBa0080E19.8-1 OSJNBb0061B07.23-1,MASSASRFIKCVTVGDGAVGKTCMLICYTSNKFPTDYVPTVFDNFSANVVVDGTTVNLGLWDTAGQEDYNRLRPLSYRGADVFVLAFSLVSRASYENVMKKWLPELQHYAPGVPIVLVGTKLDLREDKHYLLDHPSLVPVTTAQGEELRKHIGATCYIECSSKTQQNVKAVFDAAIKVVIKPPTKQRDRKKKKTRRGCSFFCKGVMSRRRLVCFK
DVL1,O14640,DVL1,MAETKIIYHMDEEETPYLVKLPVAPERVTLADFKNVLSNRPVHAYKFFFKSMDQDFGVVKEEIFDDNAKLPCFNGRVVSWLVLAEGAHSDAGSQGTDSHTDLPPPLERTGGIGDSRPPSFHPNVASSRDGMDNETGTESMVSHRRERARRRNREEAARTNGHPRGDRRRDVGLPPDSASTALSSELESSSFVDSDEDGSTSRLSSSTEQSTSSRLIRKHKRRRRKQRLRQADRASSFSSITDSTMSLNIVTVTLNMERHHFLGISIVGQSNDRGDGGIYIGSIMKGGAVAADGRIEPGDMLLQVNDVNFENMSNDDAVRVLREIVSQTGPISLTVAKCWDPTPRSYFTVPRADPVRPIDPAAWLSHTAALTGALPRYGTSPCSSAVTRTSSSSLTSSVPGAPQLEEAPLTVKSDMSAVVRVMQLPDSGLEIRDRMWLKITIANAVIGADVVDWLYTHVEGFKERREARKYASSLLKHGFLRHTVNKITFSEQCYYVFGDLCSNLATLNLNSGSSGTSDQDTLAPLPHPAAPWPLGQGYPYQYPGPPPCFPPAYQDPGFSYGSGSTGSQQSEGSKSSGSTRSSRRAPGREKERRAAGAGGSGSESDHTAPSGVGSSWRERPAGQLSRGSSPRSQASATAPGLPPPHPTTKAYTVVGGPPGGPPVRELAAVPPELTGSRQSFQKAMGNPCEFFVDIM
TAK1,P49116,NR2C2 TAK1 TR4,MTSPSPRIQIISTDSAVASPQRIQIVTDQQTGQKIQIVTAVDASGSPKQQFILTSPDGAGTGKVILASPETSSAKQLIFTTSDNLVPGRIQIVTDSASVERLLGKTDVQRPQVVEYCVVCGDKASGRHYGAVSCEGCKGFFKRSVRKNLTYSCRSNQDCIINKHHRNRCQFCRLKKCLEMGMKMESVQSERKPFDVQREKPSNCAASTEKIYIRKDLRSPLIATPTFVADKDGARQTGLLDPGMLVNIQQPLIREDGTVLLATDSKAETSQGALGTLANVVTSLANLSESLNNGDTSEIQPEDQSASEITRAFDTLAKALNTTDSSSSPSLADGIDTSGGGSIHVISRDQSTPIIEVEGPLLSDTHVTFKLTMPSPMPEYLNVHYICESASRLLFLSMHWARSIPAFQALGQDCNTSLVRACWNELFTLGLAQCAQVMSLSTILAAIVNHLQNSIQEDKLSGDRIKQVMEHIWKLQEFCNSMAKLDIDGYEYAYLKAIVLFSPDHPGLTSTSQIEKFQEKAQMELQDYVQKTYSEDTYRLARILVRLPALRLMSSNITEELFFTGLIGNVSIDSIIPYILKMETAEYNGQITGASL
TBL1,O60907,TBL1X TBL1,MTELAGASSSCCHRPAGRGAMQSVLHHFQRLRGREGGSHFINTSSPRGEAKMSITSDEVNFLVYRYLQESGFSHSAFTFGIESHISQSNINGTLVPPAALISILQKGLQYVEAEISINEDGTVFDGRPIESLSLIDAVMPDVVQTRQQAFREKLAQQQASAAAAAAAATAAATAATTTSAGVSHQNPSKNREATVNGEENRAHSVNNHAKPMEIDGEVEIPSSKATVLRGHESEVFICAWNPVSDLLASGSGDSTARIWNLNENSNGGSTQLVLRHCIREGGHDVPSNKDVTSLDWNTNGTLLATGSYDGFARIWTEDGNLASTLGQHKGPIFALKWNRKGNYILSAGVDKTTIIWDAHTGEAKQQFPFHSAPALDVDWQNNTTFASCSTDMCIHVCRLGCDRPVKTFQGHTNEVNAIKWDPSGMLLASCSDDMTLKIWSMKQEVCIHDLQAHNKEIYTIKWSPTGPATSNPNSNIMLASASFDSTVRLWDIERGVCTHTLTKHQEPVYSVAFSPDGKYLASGSFDKCVHIWNTQSGNLVHSYRGTGGIFEVCWNARGDKVGASASDGSVCVLDLRK
APC2,Q9UJX6,ANAPC2 APC2 KIAA1406,MAAAVVVAEGDSDSRPGQELLVAWNTVSTGLVPPAALGLVSSRTSGAVPPKEEELRAAVEVLRGHGLHSVLEEWFVEVLQNDLQANISPEFWNAISQCENSADEPQCLLLLLDAFGLLESRLDPYLRSLELLEKWTRLGLLMGTGAQGLREEVHTMLRGVLFFSTPRTFQEMIQRLYGCFLRVYMQSKRKGEGGTDPELEGELDSRYARRRYYRLLQSPLCAGCSSDKQQCWCRQALEQFHQLSQVLHRLSLLERVSAEAVTTTLHQVTRERMEDRCRGEYERSFLREFHKWIERVVGWLGKVFLQDGPARPASPEAGNTLRRWRCHVQRFFYRIYASLRIEELFSIVRDFPDSRPAIEDLKYCLERTDQRQQLLVSLKAALETRLLHPGVNTCDIITLYISAIKALRVLDPSMVILEVACEPIRRYLRTREDTVRQIVAGLTGDSDGTGDLAVELSKTDPASLETGQDSEDDSGEPEDWVPDPVDADPGKSSSKRRSSDIISLLVSIYGSKDLFINEYRSLLADRLLHQFSFSPEREIRNVELLKLRFGEAPMHFCEVMLKDMADSRRINANIREEDEKRPAEEQPPFGVYAVILSSEFWPPFKDEKLEVPEDIRAALEAYCKKYEQLKAMRTLSWKHTLGLVTMDVELADRTLSVAVTPVQAVILLYFQDQASWTLEELSKAVKMPVALLRRRMSVWLQQGVLREEPPGTFSVIEEERPQDRDNMVLIDSDDESDSGMASQADQKEEELLLFWTYIQAMLTNLESLSLDRIYNMLRMFVVTGPALAEIDLQELQGYLQKKVRDQQLVYSAGVYRLPKNCS
PRKACA,P17612,PRKACA PKACA,MGNAAAAKKGSEQESVKEFLAKAKEDFLKKWESPAQNTAHLDQFERIKTLGTGSFGRVMLVKHKETGNHYAMKILDKQKVVKLKQIEHTLNEKRILQAVNFPFLVKLEFSFKDNSNLYMVMEYVPGGEMFSHLRRIGRFSEPHARFYAAQIVLTFEYLHSLDLIYRDLKPENLLIDQQGYIQVTDFGFAKRVKGRTWTLCGTPEYLAPEIILSKGYNKAVDWWALGVLIYEMAAGYPPFFADQPIQIYEKIVSGKVRFPSHFSSDLKDLLRNLLQVDLTKRFGNLKNGVNDIKNHKWFATTDWIAIYQRKVEAPFIPKFKGPGDTSNFDDYEEEEIRVSINEKCGKEFSEF
PRKCA,P17252,PRKCA,MADVFPGNDSTASQDVANRFARKGALRQKNVHEVKDHKFIARFFKQPTFCSHCTDFIWGFGKQGFQCQVCCFVVHKRCHEFVTFSCPGADKGPDTDDPRSKHKFKIHTYGSPTFCDHCGSLLYGLIHQGMKCDTCDMNVHKQCVINVPSLCGMDHTEKRGRIYLKAEVADEKLHVTVRDAKNLIPMDPNGLSDPYVKLKLIPDPKNESKQKTKTIRSTLNPQWNESFTFKLKPSDKDRRLSVEIWDWDRTTRNDFMGSLSFGVSELMKMPASGWYKLLNQEEGEYYNVPIPEGDEEGNMELRQKFEKAKLGPAGNKVISPSEDRKQPSNNLDRVKLTDFNFLMVLGKGSFGKVMLADRKGTEELYAIKILKKDVVIQDDDVECTMVEKRVLALLDKPPFLTQLHSCFQTVDRLYFVMEYVNGGDLMYHIQQVGKFKEPQAVFYAAEISIGLFFLHKRGIIYRDLKLDNVMLDSEGHIKIADFGMCKEHMMDGVTTRTFCGTPDYIAPEIIAYQPYGKSVDWWAYGVLLYEMLAGQPPFDGEDEDELFQSIMEHNVSYPKSLSKEAVSVCKGLMTKHPAKRLGCGPEGERDVREHAFFRRIDWEKLENREIQPPFKPKVCGKGAENFDKFFTRGQPVLTPPDQLVIANIDQSDFEGFSYVNPQFVHPILQSAV
